datetime,year,month,day,hour,minute,day_frac,par_1,par_2,par_avg
7/16/2024 10:28 AM,2024,7,16,10,28.00,0.436111111,1.1,1706.5,853.8
7/16/2024 10:29 AM,2024,7,16,10,29.00,0.436805556,1728.3,1692.8,1710.6
7/16/2024 10:30 AM,2024,7,16,10,30.00,0.4375,1729.1,1694.0,1711.5
7/16/2024 10:31 AM,2024,7,16,10,31.00,0.438194444,1737.4,1702.3,1719.9
7/16/2024 10:32 AM,2024,7,16,10,32.00,0.438888889,1740.0,1706.8,1723.4
7/16/2024 10:33 AM,2024,7,16,10,33.00,0.439583333,1745.6,1715.3,1730.5
7/16/2024 10:34 AM,2024,7,16,10,34.00,0.440277778,1747.2,1713.4,1730.3
7/16/2024 10:35 AM,2024,7,16,10,35.00,0.440972222,1755.7,1724.4,1740.0
7/16/2024 10:36 AM,2024,7,16,10,36.00,0.441666667,1760.8,1729.4,1745.1
7/16/2024 10:37 AM,2024,7,16,10,37.00,0.442361111,1765.6,1734.4,1750.0
7/16/2024 10:38 AM,2024,7,16,10,38.00,0.443055556,1767.0,1738.2,1752.6
7/16/2024 10:39 AM,2024,7,16,10,39.00,0.44375,1772.6,1745.2,1758.9
7/16/2024 10:40 AM,2024,7,16,10,40.00,0.444444444,1775.9,1748.3,1762.1
7/16/2024 10:41 AM,2024,7,16,10,41.00,0.445138889,1783.4,1752.8,1768.1
7/16/2024 10:42 AM,2024,7,16,10,42.00,0.445833333,1783.8,1759.2,1771.5
7/16/2024 10:43 AM,2024,7,16,10,43.00,0.446527778,1792.5,1762.3,1777.4
7/16/2024 10:44 AM,2024,7,16,10,44.00,0.447222222,1795.6,1772.8,1784.2
7/16/2024 10:45 AM,2024,7,16,10,45.00,0.447916667,1805.1,1777.7,1791.4
7/16/2024 10:46 AM,2024,7,16,10,46.00,0.448611111,1808.9,1784.7,1796.8
7/16/2024 10:47 AM,2024,7,16,10,47.00,0.449305556,1813.8,1789.2,1801.5
7/16/2024 10:48 AM,2024,7,16,10,48.00,0.45,1821.8,1794.5,1808.2
7/16/2024 10:49 AM,2024,7,16,10,49.00,0.450694444,1822.4,1801.8,1812.1
7/16/2024 10:50 AM,2024,7,16,10,50.00,0.451388889,1827.5,1806.3,1816.9
7/16/2024 10:51 AM,2024,7,16,10,51.00,0.452083333,1832.6,1811.3,1822.0
7/16/2024 10:52 AM,2024,7,16,10,52.00,0.452777778,1837.5,1814.3,1825.9
7/16/2024 10:53 AM,2024,7,16,10,53.00,0.453472222,1842.1,1819.2,1830.6
7/16/2024 10:54 AM,2024,7,16,10,54.00,0.454166667,1843.2,1822.1,1832.6
7/16/2024 10:55 AM,2024,7,16,10,55.00,0.454861111,1849.8,1828.4,1839.1
7/16/2024 10:56 AM,2024,7,16,10,56.00,0.455555556,1856.7,1835.7,1846.2
7/16/2024 10:57 AM,2024,7,16,10,57.00,0.45625,1859.2,1841.7,1850.4
7/16/2024 10:58 AM,2024,7,16,10,58.00,0.456944444,1865.4,1845.4,1855.4
7/16/2024 10:59 AM,2024,7,16,10,59.00,0.457638889,1868.5,1850.6,1859.5
7/16/2024 11:00 AM,2024,7,16,11,0.00,0.458333333,1873.3,1856.3,1864.8
7/16/2024 11:01 AM,2024,7,16,11,1.00,0.459027778,1881.2,1861.0,1871.1
7/16/2024 11:02 AM,2024,7,16,11,2.00,0.459722222,1884.8,1868.1,1876.5
7/16/2024 11:03 AM,2024,7,16,11,3.00,0.460416667,1892.4,1873.7,1883.0
7/16/2024 11:04 AM,2024,7,16,11,4.00,0.461111111,1896.9,1876.0,1886.5
7/16/2024 11:05 AM,2024,7,16,11,5.00,0.461805556,1904.3,1883.6,1894.0
7/16/2024 11:06 AM,2024,7,16,11,6.00,0.4625,1907.6,1887.4,1897.5
7/16/2024 11:07 AM,2024,7,16,11,7.00,0.463194444,1907.2,1891.2,1899.2
7/16/2024 11:08 AM,2024,7,16,11,8.00,0.463888889,1910.3,1895.4,1902.9
7/16/2024 11:09 AM,2024,7,16,11,9.00,0.464583333,1913.8,1896.5,1905.2
7/16/2024 11:10 AM,2024,7,16,11,10.00,0.465277778,1918.6,1901.9,1910.3
7/16/2024 11:11 AM,2024,7,16,11,11.00,0.465972222,1919.8,1904.7,1912.3
7/16/2024 11:12 AM,2024,7,16,11,12.00,0.466666667,1923.7,1908.0,1915.8
7/16/2024 11:13 AM,2024,7,16,11,13.00,0.467361111,1930.1,1914.4,1922.3
7/16/2024 11:14 AM,2024,7,16,11,14.00,0.468055556,1934.1,1919.1,1926.6
7/16/2024 11:15 AM,2024,7,16,11,15.00,0.46875,1941.6,1923.6,1932.6
7/16/2024 11:16 AM,2024,7,16,11,16.00,0.469444444,1945.7,1930.4,1938.0
7/16/2024 11:17 AM,2024,7,16,11,17.00,0.470138889,1945.5,1931.3,1938.4
7/16/2024 11:18 AM,2024,7,16,11,18.00,0.470833333,1951.1,1934.8,1943.0
7/16/2024 11:19 AM,2024,7,16,11,19.00,0.471527778,1955.7,1941.1,1948.4
7/16/2024 11:20 AM,2024,7,16,11,20.00,0.472222222,1955.0,1945.3,1950.2
7/16/2024 11:21 AM,2024,7,16,11,21.00,0.472916667,1960.3,1948.0,1954.2
7/16/2024 11:22 AM,2024,7,16,11,22.00,0.473611111,1965.7,1953.8,1959.8
7/16/2024 11:23 AM,2024,7,16,11,23.00,0.474305556,1970.5,1957.9,1964.2
7/16/2024 11:24 AM,2024,7,16,11,24.00,0.475,1973.9,1959.3,1966.6
7/16/2024 11:25 AM,2024,7,16,11,25.00,0.475694444,1974.5,1963.5,1969.0
7/16/2024 11:26 AM,2024,7,16,11,26.00,0.476388889,1978.7,1970.1,1974.4
7/16/2024 11:27 AM,2024,7,16,11,27.00,0.477083333,1986.1,1972.0,1979.0
7/16/2024 11:28 AM,2024,7,16,11,28.00,0.477777778,1989.1,1979.6,1984.3
7/16/2024 11:29 AM,2024,7,16,11,29.00,0.478472222,1993.0,1986.8,1989.9
7/16/2024 11:30 AM,2024,7,16,11,30.00,0.479166667,1997.8,1991.0,1994.4
7/16/2024 11:31 AM,2024,7,16,11,31.00,0.479861111,2001.6,1993.1,1997.3
7/16/2024 11:32 AM,2024,7,16,11,32.00,0.480555556,2002.5,1995.1,1998.8
7/16/2024 11:33 AM,2024,7,16,11,33.00,0.48125,2012.9,2000.0,2006.5
7/16/2024 11:34 AM,2024,7,16,11,34.00,0.481944444,2015.9,2005.1,2010.5
7/16/2024 11:35 AM,2024,7,16,11,35.00,0.482638889,2014.6,2007.5,2011.0
7/16/2024 11:36 AM,2024,7,16,11,36.00,0.483333333,2021.5,2014.2,2017.8
7/16/2024 11:37 AM,2024,7,16,11,37.00,0.484027778,2018.9,2014.6,2016.8
7/16/2024 11:38 AM,2024,7,16,11,38.00,0.484722222,2024.1,2022.0,2023.0
7/16/2024 11:39 AM,2024,7,16,11,39.00,0.485416667,2027.6,2021.4,2024.5
7/16/2024 11:40 AM,2024,7,16,11,40.00,0.486111111,2030.1,2020.7,2025.4
7/16/2024 11:41 AM,2024,7,16,11,41.00,0.486805556,2036.7,2027.6,2032.1
7/16/2024 11:42 AM,2024,7,16,11,42.00,0.4875,2039.2,2029.6,2034.4
7/16/2024 11:43 AM,2024,7,16,11,43.00,0.488194444,2042.1,2035.5,2038.8
7/16/2024 11:44 AM,2024,7,16,11,44.00,0.488888889,2046.9,2040.7,2043.8
7/16/2024 11:45 AM,2024,7,16,11,45.00,0.489583333,2045.1,2041.3,2043.2
7/16/2024 11:46 AM,2024,7,16,11,46.00,0.490277778,2051.7,2045.6,2048.6
7/16/2024 11:47 AM,2024,7,16,11,47.00,0.490972222,2051.7,2044.0,2047.8
7/16/2024 11:48 AM,2024,7,16,11,48.00,0.491666667,2051.1,2040.3,2045.7
7/16/2024 11:49 AM,2024,7,16,11,49.00,0.492361111,2053.5,2051.6,2052.6
7/16/2024 11:50 AM,2024,7,16,11,50.00,0.493055556,2054.8,2054.3,2054.6
7/16/2024 11:51 AM,2024,7,16,11,51.00,0.49375,2060.7,2057.1,2058.9
7/16/2024 11:52 AM,2024,7,16,11,52.00,0.494444444,2069.6,2060.0,2064.8
7/16/2024 11:53 AM,2024,7,16,11,53.00,0.495138889,2069.4,2062.3,2065.8
7/16/2024 11:54 AM,2024,7,16,11,54.00,0.495833333,2070.9,2067.8,2069.3
7/16/2024 11:55 AM,2024,7,16,11,55.00,0.496527778,2073.6,2071.0,2072.3
7/16/2024 11:56 AM,2024,7,16,11,56.00,0.497222222,2077.3,2075.2,2076.3
7/16/2024 11:57 AM,2024,7,16,11,57.00,0.497916667,2078.8,2073.2,2076.0
7/16/2024 11:58 AM,2024,7,16,11,58.00,0.498611111,2080.4,2080.8,2080.6
7/16/2024 11:59 AM,2024,7,16,11,59.00,0.499305556,2084.8,2081.9,2083.3
7/16/2024 12:00 PM,2024,7,16,12,0.00,0.5,2087.3,2086.1,2086.7
7/16/2024 12:01 PM,2024,7,16,12,1.00,0.500694444,2087.3,2086.3,2086.8
7/16/2024 12:02 PM,2024,7,16,12,2.00,0.501388889,2093.1,2093.8,2093.5
7/16/2024 12:03 PM,2024,7,16,12,3.00,0.502083333,2094.5,2096.7,2095.6
7/16/2024 12:04 PM,2024,7,16,12,4.00,0.502777778,2098.9,2098.5,2098.7
7/16/2024 12:05 PM,2024,7,16,12,5.00,0.503472222,2100.6,2099.5,2100.1
7/16/2024 12:06 PM,2024,7,16,12,6.00,0.504166667,2105.9,2105.6,2105.8
7/16/2024 12:07 PM,2024,7,16,12,7.00,0.504861111,2108.0,2107.4,2107.7
7/16/2024 12:08 PM,2024,7,16,12,8.00,0.505555556,2108.0,2113.4,2110.7
7/16/2024 12:09 PM,2024,7,16,12,9.00,0.50625,2112.5,2112.2,2112.3
7/16/2024 12:10 PM,2024,7,16,12,10.00,0.506944444,2113.6,2117.0,2115.3
7/16/2024 12:11 PM,2024,7,16,12,11.00,0.507638889,2122.2,2123.4,2122.8
7/16/2024 12:12 PM,2024,7,16,12,12.00,0.508333333,2118.6,2123.0,2120.8
7/16/2024 12:13 PM,2024,7,16,12,13.00,0.509027778,2117.9,2123.2,2120.5
7/16/2024 12:14 PM,2024,7,16,12,14.00,0.509722222,2125.6,2124.9,2125.3
7/16/2024 12:15 PM,2024,7,16,12,15.00,0.510416667,2125.6,2129.1,2127.4
7/16/2024 12:16 PM,2024,7,16,12,16.00,0.511111111,2132.0,2128.1,2130.1
7/16/2024 12:17 PM,2024,7,16,12,17.00,0.511805556,2128.8,2135.7,2132.3
7/16/2024 12:18 PM,2024,7,16,12,18.00,0.5125,2131.8,2137.8,2134.8
7/16/2024 12:19 PM,2024,7,16,12,19.00,0.513194444,2131.6,2138.3,2135.0
7/16/2024 12:20 PM,2024,7,16,12,20.00,0.513888889,2131.5,2135.9,2133.7
7/16/2024 12:21 PM,2024,7,16,12,21.00,0.514583333,2133.2,2141.0,2137.1
7/16/2024 12:22 PM,2024,7,16,12,22.00,0.515277778,2132.9,2139.4,2136.1
7/16/2024 12:23 PM,2024,7,16,12,23.00,0.515972222,2134.5,2143.1,2138.8
7/16/2024 12:24 PM,2024,7,16,12,24.00,0.516666667,2138.1,2147.3,2142.7
7/16/2024 12:25 PM,2024,7,16,12,25.00,0.517361111,2137.2,2144.8,2141.0
7/16/2024 12:26 PM,2024,7,16,12,26.00,0.518055556,2138.6,2147.5,2143.1
7/16/2024 12:27 PM,2024,7,16,12,27.00,0.51875,2142.6,2153.3,2148.0
7/16/2024 12:28 PM,2024,7,16,12,28.00,0.519444444,2144.0,2151.2,2147.6
7/16/2024 12:29 PM,2024,7,16,12,29.00,0.520138889,2145.2,2154.7,2149.9
7/16/2024 12:30 PM,2024,7,16,12,30.00,0.520833333,2145.2,2154.6,2149.9
7/16/2024 12:31 PM,2024,7,16,12,31.00,0.521527778,2148.4,2157.7,2153.0
7/16/2024 12:32 PM,2024,7,16,12,32.00,0.522222222,2147.2,2154.2,2150.7
7/16/2024 12:33 PM,2024,7,16,12,33.00,0.522916667,2151.2,2163.6,2157.4
7/16/2024 12:34 PM,2024,7,16,12,34.00,0.523611111,2149.9,2151.2,2150.5
7/16/2024 12:35 PM,2024,7,16,12,35.00,0.524305556,2147.3,2166.3,2156.8
7/16/2024 12:36 PM,2024,7,16,12,36.00,0.525,2151.0,2165.1,2158.1
7/16/2024 12:37 PM,2024,7,16,12,37.00,0.525694444,2156.0,2165.6,2160.8
7/16/2024 12:38 PM,2024,7,16,12,38.00,0.526388889,2152.9,2163.2,2158.0
7/16/2024 12:39 PM,2024,7,16,12,39.00,0.527083333,2155.1,2166.1,2160.6
7/16/2024 12:40 PM,2024,7,16,12,40.00,0.527777778,2154.2,2169.8,2162.0
7/16/2024 12:41 PM,2024,7,16,12,41.00,0.528472222,2156.9,2167.3,2162.1
7/16/2024 12:42 PM,2024,7,16,12,42.00,0.529166667,2158.9,2169.9,2164.4
7/16/2024 12:43 PM,2024,7,16,12,43.00,0.529861111,2157.7,2175.0,2166.3
7/16/2024 12:44 PM,2024,7,16,12,44.00,0.530555556,2163.4,2176.5,2169.9
7/16/2024 12:45 PM,2024,7,16,12,45.00,0.53125,2159.6,2175.2,2167.4
7/16/2024 12:46 PM,2024,7,16,12,46.00,0.531944444,2160.5,2173.3,2166.9
7/16/2024 12:47 PM,2024,7,16,12,47.00,0.532638889,2161.8,2175.4,2168.6
7/16/2024 12:48 PM,2024,7,16,12,48.00,0.533333333,2159.3,2176.9,2168.1
7/16/2024 12:49 PM,2024,7,16,12,49.00,0.534027778,2164.0,2179.1,2171.6
7/16/2024 12:50 PM,2024,7,16,12,50.00,0.534722222,2161.6,2179.9,2170.8
7/16/2024 12:51 PM,2024,7,16,12,51.00,0.535416667,2160.5,2179.8,2170.2
7/16/2024 12:52 PM,2024,7,16,12,52.00,0.536111111,2158.7,2176.0,2167.3
7/16/2024 12:53 PM,2024,7,16,12,53.00,0.536805556,2160.1,2177.0,2168.6
7/16/2024 12:54 PM,2024,7,16,12,54.00,0.5375,2160.4,2180.1,2170.3
7/16/2024 12:55 PM,2024,7,16,12,55.00,0.538194444,2162.1,2178.8,2170.5
7/16/2024 12:56 PM,2024,7,16,12,56.00,0.538888889,2162.3,2182.9,2172.6
7/16/2024 12:57 PM,2024,7,16,12,57.00,0.539583333,2164.4,2183.7,2174.0
7/16/2024 12:58 PM,2024,7,16,12,58.00,0.540277778,2164.9,2183.3,2174.1
7/16/2024 12:59 PM,2024,7,16,12,59.00,0.540972222,2159.7,2186.3,2173.0
7/16/2024 1:00 PM,2024,7,16,13,0.00,0.541666667,2166.9,2184.4,2175.6
7/16/2024 1:01 PM,2024,7,16,13,1.00,0.542361111,2163.1,2188.8,2176.0
7/16/2024 1:02 PM,2024,7,16,13,2.00,0.543055556,2161.2,2188.2,2174.7
7/16/2024 1:03 PM,2024,7,16,13,3.00,0.54375,2165.4,2181.9,2173.6
7/16/2024 1:04 PM,2024,7,16,13,4.00,0.544444444,2164.8,2182.4,2173.6
7/16/2024 1:05 PM,2024,7,16,13,5.00,0.545138889,2161.6,2186.3,2174.0
7/16/2024 1:06 PM,2024,7,16,13,6.00,0.545833333,2162.7,2186.5,2174.6
7/16/2024 1:07 PM,2024,7,16,13,7.00,0.546527778,2161.8,2181.1,2171.5
7/16/2024 1:08 PM,2024,7,16,13,8.00,0.547222222,2163.0,2183.4,2173.2
7/16/2024 1:09 PM,2024,7,16,13,9.00,0.547916667,2164.2,2186.7,2175.4
7/16/2024 1:10 PM,2024,7,16,13,10.00,0.548611111,2162.6,2185.8,2174.2
7/16/2024 1:11 PM,2024,7,16,13,11.00,0.549305556,2157.8,2183.2,2170.5
7/16/2024 1:12 PM,2024,7,16,13,12.00,0.55,2159.6,2185.2,2172.4
7/16/2024 1:13 PM,2024,7,16,13,13.00,0.550694444,2161.3,2187.9,2174.6
7/16/2024 1:14 PM,2024,7,16,13,14.00,0.551388889,2164.3,2190.0,2177.2
7/16/2024 1:15 PM,2024,7,16,13,15.00,0.552083333,2164.4,2189.3,2176.8
7/16/2024 1:16 PM,2024,7,16,13,16.00,0.552777778,2164.1,2188.6,2176.4
7/16/2024 1:17 PM,2024,7,16,13,17.00,0.553472222,2158.3,2187.3,2172.8
7/16/2024 1:18 PM,2024,7,16,13,18.00,0.554166667,2155.9,2184.3,2170.1
7/16/2024 1:19 PM,2024,7,16,13,19.00,0.554861111,2156.7,2184.9,2170.8
7/16/2024 1:20 PM,2024,7,16,13,20.00,0.555555556,2157.8,2184.9,2171.3
7/16/2024 1:21 PM,2024,7,16,13,21.00,0.55625,2156.8,2184.4,2170.6
7/16/2024 1:22 PM,2024,7,16,13,22.00,0.556944444,2156.9,2184.9,2170.9
7/16/2024 1:23 PM,2024,7,16,13,23.00,0.557638889,2155.5,2180.9,2168.2
7/16/2024 1:24 PM,2024,7,16,13,24.00,0.558333333,2152.2,2180.4,2166.3
7/16/2024 1:25 PM,2024,7,16,13,25.00,0.559027778,2153.5,2182.2,2167.8
7/16/2024 1:26 PM,2024,7,16,13,26.00,0.559722222,2149.4,2182.7,2166.0
7/16/2024 1:27 PM,2024,7,16,13,27.00,0.560416667,2149.7,2182.4,2166.0
7/16/2024 1:28 PM,2024,7,16,13,28.00,0.561111111,2151.6,2183.0,2167.3
7/16/2024 1:29 PM,2024,7,16,13,29.00,0.561805556,2152.8,2183.3,2168.1
7/16/2024 1:30 PM,2024,7,16,13,30.00,0.5625,2146.9,2180.6,2163.8
7/16/2024 1:31 PM,2024,7,16,13,31.00,0.563194444,2147.3,2176.2,2161.8
7/16/2024 1:32 PM,2024,7,16,13,32.00,0.563888889,2145.8,2173.1,2159.5
7/16/2024 1:33 PM,2024,7,16,13,33.00,0.564583333,2145.9,2177.2,2161.5
7/16/2024 1:34 PM,2024,7,16,13,34.00,0.565277778,2144.5,2178.9,2161.7
7/16/2024 1:35 PM,2024,7,16,13,35.00,0.565972222,2142.7,2176.5,2159.6
7/16/2024 1:36 PM,2024,7,16,13,36.00,0.566666667,2142.5,2172.4,2157.4
7/16/2024 1:37 PM,2024,7,16,13,37.00,0.567361111,2139.4,2171.6,2155.5
7/16/2024 1:38 PM,2024,7,16,13,38.00,0.568055556,2136.6,2171.0,2153.8
7/16/2024 1:39 PM,2024,7,16,13,39.00,0.56875,2136.9,2169.2,2153.0
7/16/2024 1:40 PM,2024,7,16,13,40.00,0.569444444,2135.4,2171.7,2153.5
7/16/2024 1:41 PM,2024,7,16,13,41.00,0.570138889,2132.2,2168.9,2150.5
7/16/2024 1:42 PM,2024,7,16,13,42.00,0.570833333,2130.4,2160.2,2145.3
7/16/2024 1:43 PM,2024,7,16,13,43.00,0.571527778,2135.3,2167.5,2151.4
7/16/2024 1:44 PM,2024,7,16,13,44.00,0.572222222,2128.9,2162.3,2145.6
7/16/2024 1:45 PM,2024,7,16,13,45.00,0.572916667,2130.6,2164.0,2147.3
7/16/2024 1:46 PM,2024,7,16,13,46.00,0.573611111,2126.6,2163.8,2145.2
7/16/2024 1:47 PM,2024,7,16,13,47.00,0.574305556,2125.6,2157.8,2141.7
7/16/2024 1:48 PM,2024,7,16,13,48.00,0.575,2125.2,2159.4,2142.3
7/16/2024 1:49 PM,2024,7,16,13,49.00,0.575694444,2123.0,2157.5,2140.3
7/16/2024 1:50 PM,2024,7,16,13,50.00,0.576388889,2120.8,2154.6,2137.7
7/16/2024 1:51 PM,2024,7,16,13,51.00,0.577083333,2120.2,2154.8,2137.5
7/16/2024 1:52 PM,2024,7,16,13,52.00,0.577777778,2118.1,2156.4,2137.3
7/16/2024 1:53 PM,2024,7,16,13,53.00,0.578472222,2118.7,2154.8,2136.8
7/16/2024 1:54 PM,2024,7,16,13,54.00,0.579166667,2114.5,2148.8,2131.7
7/16/2024 1:55 PM,2024,7,16,13,55.00,0.579861111,2114.0,2152.4,2133.2
7/16/2024 1:56 PM,2024,7,16,13,56.00,0.580555556,2110.8,2141.8,2126.3
7/16/2024 1:57 PM,2024,7,16,13,57.00,0.58125,2109.5,2140.2,2124.8
7/16/2024 1:58 PM,2024,7,16,13,58.00,0.581944444,2110.0,2140.7,2125.3
7/16/2024 1:59 PM,2024,7,16,13,59.00,0.582638889,2108.2,2142.3,2125.3
7/16/2024 2:00 PM,2024,7,16,14,0.00,0.583333333,2107.1,2138.9,2123.0
7/16/2024 2:01 PM,2024,7,16,14,1.00,0.584027778,2101.1,2140.6,2120.9
7/16/2024 2:02 PM,2024,7,16,14,2.00,0.584722222,2103.1,2134.6,2118.9
7/16/2024 2:03 PM,2024,7,16,14,3.00,0.585416667,2097.2,2130.6,2113.9
7/16/2024 2:04 PM,2024,7,16,14,4.00,0.586111111,2094.1,2130.0,2112.1
7/16/2024 2:05 PM,2024,7,16,14,5.00,0.586805556,2091.1,2130.3,2110.7
7/16/2024 2:06 PM,2024,7,16,14,6.00,0.5875,2092.0,2129.1,2110.6
7/16/2024 2:07 PM,2024,7,16,14,7.00,0.588194444,2087.5,2123.7,2105.6
7/16/2024 2:08 PM,2024,7,16,14,8.00,0.588888889,2081.5,2128.4,2104.9
7/16/2024 2:09 PM,2024,7,16,14,9.00,0.589583333,2082.7,2122.8,2102.8
7/16/2024 2:10 PM,2024,7,16,14,10.00,0.590277778,2084.1,2121.4,2102.8
7/16/2024 2:11 PM,2024,7,16,14,11.00,0.590972222,2077.9,2115.3,2096.6
7/16/2024 2:12 PM,2024,7,16,14,12.00,0.591666667,2080.6,2117.5,2099.1
7/16/2024 2:13 PM,2024,7,16,14,13.00,0.592361111,2073.7,2114.9,2094.3
7/16/2024 2:14 PM,2024,7,16,14,14.00,0.593055556,2069.2,2112.2,2090.7
7/16/2024 2:15 PM,2024,7,16,14,15.00,0.59375,2072.1,2109.6,2090.9
7/16/2024 2:16 PM,2024,7,16,14,16.00,0.594444444,2066.0,2106.6,2086.3
7/16/2024 2:17 PM,2024,7,16,14,17.00,0.595138889,2065.0,2103.4,2084.2
7/16/2024 2:18 PM,2024,7,16,14,18.00,0.595833333,2062.0,2101.3,2081.7
7/16/2024 2:19 PM,2024,7,16,14,19.00,0.596527778,2058.9,2099.8,2079.3
7/16/2024 2:20 PM,2024,7,16,14,20.00,0.597222222,2057.2,2089.2,2073.2
7/16/2024 2:21 PM,2024,7,16,14,21.00,0.597916667,2052.7,2093.7,2073.2
7/16/2024 2:22 PM,2024,7,16,14,22.00,0.598611111,2050.1,2091.0,2070.6
7/16/2024 2:23 PM,2024,7,16,14,23.00,0.599305556,2048.2,2086.6,2067.4
7/16/2024 2:24 PM,2024,7,16,14,24.00,0.6,2043.8,2080.5,2062.2
7/16/2024 2:25 PM,2024,7,16,14,25.00,0.600694444,2040.6,2082.6,2061.6
7/16/2024 2:26 PM,2024,7,16,14,26.00,0.601388889,2041.6,2078.7,2060.1
7/16/2024 2:27 PM,2024,7,16,14,27.00,0.602083333,2027.2,2070.7,2048.9
7/16/2024 2:28 PM,2024,7,16,14,28.00,0.602777778,2035.4,2074.6,2055.0
7/16/2024 2:29 PM,2024,7,16,14,29.00,0.603472222,2027.0,2070.8,2048.9
7/16/2024 2:30 PM,2024,7,16,14,30.00,0.604166667,2025.4,2069.9,2047.6
7/16/2024 2:31 PM,2024,7,16,14,31.00,0.604861111,2020.3,2064.8,2042.6
7/16/2024 2:32 PM,2024,7,16,14,32.00,0.605555556,2020.6,2059.1,2039.9
7/16/2024 2:33 PM,2024,7,16,14,33.00,0.60625,2014.2,2054.4,2034.3
7/16/2024 2:34 PM,2024,7,16,14,34.00,0.606944444,2011.8,2050.1,2031.0
7/16/2024 2:35 PM,2024,7,16,14,35.00,0.607638889,2006.4,2051.4,2028.9
7/16/2024 2:36 PM,2024,7,16,14,36.00,0.608333333,2006.1,2047.6,2026.8
7/16/2024 2:37 PM,2024,7,16,14,37.00,0.609027778,2000.7,2044.9,2022.8
7/16/2024 2:38 PM,2024,7,16,14,38.00,0.609722222,2000.7,2047.8,2024.3
7/16/2024 2:39 PM,2024,7,16,14,39.00,0.610416667,1995.5,2040.5,2018.0
7/16/2024 2:40 PM,2024,7,16,14,40.00,0.611111111,1991.8,2036.6,2014.2
7/16/2024 2:41 PM,2024,7,16,14,41.00,0.611805556,1993.3,2033.6,2013.5
7/16/2024 2:42 PM,2024,7,16,14,42.00,0.6125,1986.9,2031.0,2009.0
7/16/2024 2:43 PM,2024,7,16,14,43.00,0.613194444,1984.3,2027.1,2005.7
7/16/2024 2:44 PM,2024,7,16,14,44.00,0.613888889,1980.0,2025.2,2002.6
7/16/2024 2:45 PM,2024,7,16,14,45.00,0.614583333,1977.7,2022.7,2000.2
7/16/2024 2:46 PM,2024,7,16,14,46.00,0.615277778,1975.1,2017.6,1996.3
7/16/2024 2:47 PM,2024,7,16,14,47.00,0.615972222,1967.2,2011.6,1989.4
7/16/2024 2:48 PM,2024,7,16,14,48.00,0.616666667,1963.1,2006.6,1984.8
7/16/2024 2:49 PM,2024,7,16,14,49.00,0.617361111,1958.4,2002.6,1980.5
7/16/2024 2:50 PM,2024,7,16,14,50.00,0.618055556,1954.8,1997.5,1976.2
7/16/2024 2:51 PM,2024,7,16,14,51.00,0.61875,1948.2,1996.2,1972.2
7/16/2024 2:52 PM,2024,7,16,14,52.00,0.619444444,1947.5,1989.8,1968.7
7/16/2024 2:53 PM,2024,7,16,14,53.00,0.620138889,1939.3,1985.0,1962.2
7/16/2024 2:54 PM,2024,7,16,14,54.00,0.620833333,1939.2,1981.9,1960.5
7/16/2024 2:55 PM,2024,7,16,14,55.00,0.621527778,1931.5,1974.6,1953.0
7/16/2024 2:56 PM,2024,7,16,14,56.00,0.622222222,1930.9,1976.2,1953.5
7/17/2024 11:09 AM,2024,7,17,11,9.00,0.464583333,1058.5,1051.8,1055.2
7/17/2024 11:10 AM,2024,7,17,11,10.00,0.465277778,1075.9,1068.6,1072.3
7/17/2024 11:11 AM,2024,7,17,11,11.00,0.465972222,2470.8,2467.9,2469.3
7/17/2024 11:12 AM,2024,7,17,11,12.00,0.466666667,1685.3,1709.9,1697.6
7/17/2024 11:13 AM,2024,7,17,11,13.00,0.467361111,1206.8,1194.1,1200.5
7/17/2024 11:14 AM,2024,7,17,11,14.00,0.468055556,1667.4,1663.6,1665.5
7/17/2024 11:15 AM,2024,7,17,11,15.00,0.46875,2382.0,2283.3,2332.7
7/17/2024 11:16 AM,2024,7,17,11,16.00,0.469444444,1112.2,1100.0,1106.1
7/17/2024 11:17 AM,2024,7,17,11,17.00,0.470138889,1195.8,1198.6,1197.2
7/17/2024 11:18 AM,2024,7,17,11,18.00,0.470833333,1195.6,1184.3,1190.0
7/17/2024 11:19 AM,2024,7,17,11,19.00,0.471527778,1130.4,1127.9,1129.2
7/17/2024 11:20 AM,2024,7,17,11,20.00,0.472222222,1173.4,1170.2,1171.8
7/17/2024 11:21 AM,2024,7,17,11,21.00,0.472916667,1182.9,1182.5,1182.7
7/17/2024 11:22 AM,2024,7,17,11,22.00,0.473611111,1926.3,1810.0,1868.2
7/17/2024 11:23 AM,2024,7,17,11,23.00,0.474305556,1204.9,1200.9,1202.9
7/17/2024 11:24 AM,2024,7,17,11,24.00,0.475,1089.9,1090.9,1090.4
7/17/2024 11:25 AM,2024,7,17,11,25.00,0.475694444,1059.9,1060.9,1060.4
7/17/2024 11:26 AM,2024,7,17,11,26.00,0.476388889,1022.9,1025.7,1024.3
7/17/2024 11:27 AM,2024,7,17,11,27.00,0.477083333,1011.3,1014.2,1012.8
7/17/2024 11:28 AM,2024,7,17,11,28.00,0.477777778,1046.4,1049.5,1048.0
7/17/2024 11:29 AM,2024,7,17,11,29.00,0.478472222,1035.0,1037.2,1036.1
7/17/2024 11:30 AM,2024,7,17,11,30.00,0.479166667,1240.7,1253.4,1247.0
7/17/2024 11:31 AM,2024,7,17,11,31.00,0.479861111,1568.7,1502.3,1535.5
7/17/2024 11:32 AM,2024,7,17,11,32.00,0.480555556,1265.4,1267.2,1266.3
7/17/2024 11:33 AM,2024,7,17,11,33.00,0.48125,2634.8,2610.7,2622.8
7/17/2024 11:34 AM,2024,7,17,11,34.00,0.481944444,1607.4,1527.4,1567.4
7/17/2024 11:35 AM,2024,7,17,11,35.00,0.482638889,2353.1,2406.5,2379.8
7/17/2024 11:36 AM,2024,7,17,11,36.00,0.483333333,1525.1,1496.1,1510.6
7/17/2024 11:37 AM,2024,7,17,11,37.00,0.484027778,1086.4,1101.8,1094.1
7/17/2024 11:38 AM,2024,7,17,11,38.00,0.484722222,1504.1,1529.4,1516.8
7/17/2024 11:39 AM,2024,7,17,11,39.00,0.485416667,2379.7,2387.0,2383.3
7/17/2024 11:40 AM,2024,7,17,11,40.00,0.486111111,1563.6,1544.8,1554.2
7/17/2024 11:41 AM,2024,7,17,11,41.00,0.486805556,1506.2,1479.0,1492.6
7/17/2024 11:42 AM,2024,7,17,11,42.00,0.4875,1221.1,1213.6,1217.3
7/17/2024 11:43 AM,2024,7,17,11,43.00,0.488194444,1075.8,1087.3,1081.6
7/17/2024 11:44 AM,2024,7,17,11,44.00,0.488888889,1630.8,1558.7,1594.8
7/17/2024 11:45 AM,2024,7,17,11,45.00,0.489583333,896.2,899.0,897.6
7/17/2024 11:46 AM,2024,7,17,11,46.00,0.490277778,1004.3,1014.0,1009.1
7/17/2024 11:47 AM,2024,7,17,11,47.00,0.490972222,1004.5,1006.3,1005.4
7/17/2024 11:48 AM,2024,7,17,11,48.00,0.491666667,1217.0,1213.1,1215.0
7/17/2024 11:49 AM,2024,7,17,11,49.00,0.492361111,1229.5,1240.0,1234.8
7/17/2024 11:50 AM,2024,7,17,11,50.00,0.493055556,1315.7,1287.4,1301.5
7/17/2024 11:51 AM,2024,7,17,11,51.00,0.49375,1196.2,1206.7,1201.4
7/17/2024 11:52 AM,2024,7,17,11,52.00,0.494444444,1347.2,1381.8,1364.5
7/17/2024 11:53 AM,2024,7,17,11,53.00,0.495138889,1629.8,1658.5,1644.2
7/17/2024 11:54 AM,2024,7,17,11,54.00,0.495833333,957.7,964.1,960.9
7/17/2024 11:55 AM,2024,7,17,11,55.00,0.496527778,888.7,895.9,892.3
7/17/2024 11:56 AM,2024,7,17,11,56.00,0.497222222,883.8,891.0,887.4
7/17/2024 11:57 AM,2024,7,17,11,57.00,0.497916667,914.4,920.4,917.4
7/17/2024 11:58 AM,2024,7,17,11,58.00,0.498611111,919.2,926.3,922.8
7/17/2024 11:59 AM,2024,7,17,11,59.00,0.499305556,963.0,968.4,965.7
7/17/2024 12:00 PM,2024,7,17,12,0.00,0.5,961.5,967.3,964.4
7/17/2024 12:01 PM,2024,7,17,12,1.00,0.500694444,971.9,977.6,974.8
7/17/2024 12:02 PM,2024,7,17,12,2.00,0.501388889,992.7,998.6,995.6
7/17/2024 12:03 PM,2024,7,17,12,3.00,0.502083333,1816.7,1833.2,1824.9
7/17/2024 12:04 PM,2024,7,17,12,4.00,0.502777778,1320.3,1327.0,1323.7
7/17/2024 12:05 PM,2024,7,17,12,5.00,0.503472222,1536.2,1600.2,1568.2
7/17/2024 12:06 PM,2024,7,17,12,6.00,0.504166667,1477.3,1469.3,1473.3
7/17/2024 12:07 PM,2024,7,17,12,7.00,0.504861111,1200.2,1206.6,1203.4
7/17/2024 12:08 PM,2024,7,17,12,8.00,0.505555556,1999.8,2022.0,2010.9
7/17/2024 12:09 PM,2024,7,17,12,9.00,0.50625,1044.9,1040.5,1042.7
7/17/2024 12:10 PM,2024,7,17,12,10.00,0.506944444,853.5,861.1,857.3
7/17/2024 12:11 PM,2024,7,17,12,11.00,0.507638889,2668.4,2664.7,2666.5
7/17/2024 12:12 PM,2024,7,17,12,12.00,0.508333333,2395.7,2437.9,2416.8
7/17/2024 12:13 PM,2024,7,17,12,13.00,0.509027778,2589.8,2602.6,2596.2
7/17/2024 12:14 PM,2024,7,17,12,14.00,0.509722222,2674.1,2670.5,2672.3
7/17/2024 12:15 PM,2024,7,17,12,15.00,0.510416667,1999.8,1865.8,1932.8
7/17/2024 12:16 PM,2024,7,17,12,16.00,0.511111111,2069.5,2097.4,2083.4
7/17/2024 12:17 PM,2024,7,17,12,17.00,0.511805556,2522.0,2524.5,2523.3
7/17/2024 12:18 PM,2024,7,17,12,18.00,0.5125,2483.1,2485.3,2484.2
7/17/2024 12:19 PM,2024,7,17,12,19.00,0.513194444,2434.0,2439.9,2436.9
7/17/2024 12:20 PM,2024,7,17,12,20.00,0.513888889,2397.2,2400.3,2398.8
7/17/2024 12:21 PM,2024,7,17,12,21.00,0.514583333,2356.7,2368.7,2362.7
7/17/2024 12:22 PM,2024,7,17,12,22.00,0.515277778,2358.5,2366.3,2362.4
7/17/2024 12:23 PM,2024,7,17,12,23.00,0.515972222,2358.0,2370.1,2364.1
7/17/2024 12:24 PM,2024,7,17,12,24.00,0.516666667,2375.9,2389.3,2382.6
7/17/2024 12:25 PM,2024,7,17,12,25.00,0.517361111,2375.9,2386.4,2381.1
7/17/2024 12:26 PM,2024,7,17,12,26.00,0.518055556,2338.9,2352.7,2345.8
7/17/2024 12:27 PM,2024,7,17,12,27.00,0.51875,2412.2,2428.6,2420.4
7/17/2024 12:28 PM,2024,7,17,12,28.00,0.519444444,2461.9,2474.0,2467.9
7/17/2024 12:29 PM,2024,7,17,12,29.00,0.520138889,2336.8,2327.3,2332.1
7/17/2024 12:30 PM,2024,7,17,12,30.00,0.520833333,1412.1,1362.1,1387.1
7/17/2024 12:31 PM,2024,7,17,12,31.00,0.521527778,899.9,913.0,906.5
7/17/2024 12:32 PM,2024,7,17,12,32.00,0.522222222,805.9,818.3,812.1
7/17/2024 12:33 PM,2024,7,17,12,33.00,0.522916667,778.5,789.6,784.0
7/17/2024 12:34 PM,2024,7,17,12,34.00,0.523611111,767.2,779.3,773.3
7/17/2024 12:35 PM,2024,7,17,12,35.00,0.524305556,774.9,785.8,780.4
7/17/2024 12:36 PM,2024,7,17,12,36.00,0.525,784.6,794.8,789.7
7/17/2024 12:37 PM,2024,7,17,12,37.00,0.525694444,796.8,805.3,801.0
7/17/2024 12:38 PM,2024,7,17,12,38.00,0.526388889,820.9,829.1,825.0
7/17/2024 12:39 PM,2024,7,17,12,39.00,0.527083333,1110.7,1146.2,1128.4
7/17/2024 12:40 PM,2024,7,17,12,40.00,0.527777778,2671.0,2687.9,2679.4
7/17/2024 12:41 PM,2024,7,17,12,41.00,0.528472222,1135.8,1148.1,1142.0
7/17/2024 12:42 PM,2024,7,17,12,42.00,0.529166667,1046.2,1053.1,1049.6
7/17/2024 12:43 PM,2024,7,17,12,43.00,0.529861111,1838.4,1930.8,1884.6
7/17/2024 12:44 PM,2024,7,17,12,44.00,0.530555556,1080.5,1079.9,1080.2
7/17/2024 12:45 PM,2024,7,17,12,45.00,0.53125,2696.7,2714.1,2705.4
7/17/2024 12:46 PM,2024,7,17,12,46.00,0.531944444,1355.9,1355.3,1355.6
7/17/2024 12:47 PM,2024,7,17,12,47.00,0.532638889,905.4,913.8,909.6
7/17/2024 12:48 PM,2024,7,17,12,48.00,0.533333333,1893.2,2037.1,1965.1
7/17/2024 12:49 PM,2024,7,17,12,49.00,0.534027778,818.3,829.0,823.6
7/17/2024 12:50 PM,2024,7,17,12,50.00,0.534722222,996.9,1006.9,1001.9
7/17/2024 12:51 PM,2024,7,17,12,51.00,0.535416667,1012.3,1010.3,1011.3
7/17/2024 12:52 PM,2024,7,17,12,52.00,0.536111111,804.6,813.8,809.2
7/17/2024 12:53 PM,2024,7,17,12,53.00,0.536805556,768.9,778.2,773.6
7/17/2024 12:54 PM,2024,7,17,12,54.00,0.5375,727.7,737.2,732.5
7/17/2024 12:55 PM,2024,7,17,12,55.00,0.538194444,683.3,692.9,688.1
7/17/2024 12:56 PM,2024,7,17,12,56.00,0.538888889,641.8,651.7,646.8
7/17/2024 12:57 PM,2024,7,17,12,57.00,0.539583333,611.5,621.3,616.4
7/17/2024 12:58 PM,2024,7,17,12,58.00,0.540277778,586.9,596.3,591.6
7/17/2024 12:59 PM,2024,7,17,12,59.00,0.540972222,570.5,579.6,575.0
7/17/2024 1:00 PM,2024,7,17,13,0.00,0.541666667,560.7,569.8,565.3
7/17/2024 1:01 PM,2024,7,17,13,1.00,0.542361111,557.5,566.4,562.0
7/17/2024 1:02 PM,2024,7,17,13,2.00,0.543055556,561.6,570.1,565.8
7/17/2024 1:03 PM,2024,7,17,13,3.00,0.54375,568.3,576.7,572.5
7/17/2024 1:04 PM,2024,7,17,13,4.00,0.544444444,574.4,582.2,578.3
7/17/2024 1:05 PM,2024,7,17,13,5.00,0.545138889,578.8,587.0,582.9
7/17/2024 1:06 PM,2024,7,17,13,6.00,0.545833333,585.8,593.6,589.7
7/17/2024 1:07 PM,2024,7,17,13,7.00,0.546527778,596.1,604.0,600.0
7/17/2024 1:08 PM,2024,7,17,13,8.00,0.547222222,604.1,611.5,607.8
7/17/2024 1:09 PM,2024,7,17,13,9.00,0.547916667,607.8,615.4,611.6
7/17/2024 1:10 PM,2024,7,17,13,10.00,0.548611111,610.6,618.8,614.7
7/17/2024 1:11 PM,2024,7,17,13,11.00,0.549305556,614.2,622.8,618.5
7/17/2024 1:12 PM,2024,7,17,13,12.00,0.55,602.8,610.7,606.8
7/17/2024 1:13 PM,2024,7,17,13,13.00,0.550694444,590.5,598.5,594.5
7/17/2024 1:14 PM,2024,7,17,13,14.00,0.551388889,579.8,587.5,583.6
7/17/2024 1:15 PM,2024,7,17,13,15.00,0.552083333,571.1,578.3,574.7
7/17/2024 1:16 PM,2024,7,17,13,16.00,0.552777778,564.4,572.2,568.3
7/17/2024 1:17 PM,2024,7,17,13,17.00,0.553472222,558.1,565.4,561.8
7/17/2024 1:18 PM,2024,7,17,13,18.00,0.554166667,554.4,561.3,557.9
7/17/2024 1:19 PM,2024,7,17,13,19.00,0.554861111,552.6,559.8,556.2
7/17/2024 1:20 PM,2024,7,17,13,20.00,0.555555556,556.2,563.5,559.9
7/17/2024 1:21 PM,2024,7,17,13,21.00,0.55625,566.2,573.3,569.8
7/17/2024 1:22 PM,2024,7,17,13,22.00,0.556944444,579.2,585.8,582.5
7/17/2024 1:23 PM,2024,7,17,13,23.00,0.557638889,595.3,601.6,598.4
7/17/2024 1:24 PM,2024,7,17,13,24.00,0.558333333,613.7,620.1,616.9
7/17/2024 1:25 PM,2024,7,17,13,25.00,0.559027778,634.4,640.1,637.3
7/17/2024 1:26 PM,2024,7,17,13,26.00,0.559722222,657.7,663.9,660.8
7/17/2024 1:27 PM,2024,7,17,13,27.00,0.560416667,687.2,693.9,690.6
7/17/2024 1:28 PM,2024,7,17,13,28.00,0.561111111,725.4,732.0,728.7
7/17/2024 1:29 PM,2024,7,17,13,29.00,0.561805556,772.7,779.7,776.2
7/17/2024 1:30 PM,2024,7,17,13,30.00,0.5625,826.9,834.5,830.7
7/17/2024 1:31 PM,2024,7,17,13,31.00,0.563194444,889.5,897.7,893.6
7/17/2024 1:32 PM,2024,7,17,13,32.00,0.563888889,936.9,945.6,941.3
7/17/2024 1:33 PM,2024,7,17,13,33.00,0.564583333,991.6,1000.6,996.1
7/17/2024 1:34 PM,2024,7,17,13,34.00,0.565277778,1054.8,1064.4,1059.6
7/17/2024 1:35 PM,2024,7,17,13,35.00,0.565972222,1161.3,1172.0,1166.7
7/17/2024 1:36 PM,2024,7,17,13,36.00,0.566666667,1260.0,1271.8,1265.9
7/17/2024 1:37 PM,2024,7,17,13,37.00,0.567361111,1475.9,1482.7,1479.3
7/17/2024 1:38 PM,2024,7,17,13,38.00,0.568055556,1225.0,1237.2,1231.1
7/17/2024 1:39 PM,2024,7,17,13,39.00,0.56875,1216.9,1230.7,1223.8
7/17/2024 1:40 PM,2024,7,17,13,40.00,0.569444444,1229.4,1243.7,1236.5
7/17/2024 1:41 PM,2024,7,17,13,41.00,0.570138889,1233.0,1247.8,1240.4
7/17/2024 1:42 PM,2024,7,17,13,42.00,0.570833333,1248.1,1264.0,1256.0
7/17/2024 1:43 PM,2024,7,17,13,43.00,0.571527778,1301.6,1319.1,1310.3
7/17/2024 1:44 PM,2024,7,17,13,44.00,0.572222222,1399.7,1421.3,1410.5
7/17/2024 1:45 PM,2024,7,17,13,45.00,0.572916667,1373.7,1395.1,1384.4
7/17/2024 1:46 PM,2024,7,17,13,46.00,0.573611111,1543.6,1571.3,1557.5
7/17/2024 1:47 PM,2024,7,17,13,47.00,0.574305556,1882.7,1927.6,1905.1
7/17/2024 1:48 PM,2024,7,17,13,48.00,0.575,1909.4,1952.3,1930.9
7/17/2024 1:49 PM,2024,7,17,13,49.00,0.575694444,1704.6,1721.2,1712.9
7/17/2024 1:50 PM,2024,7,17,13,50.00,0.576388889,1713.6,1740.5,1727.0
7/17/2024 1:51 PM,2024,7,17,13,51.00,0.577083333,1714.6,1753.5,1734.0
7/17/2024 1:52 PM,2024,7,17,13,52.00,0.577777778,1998.7,2038.6,2018.6
7/17/2024 1:53 PM,2024,7,17,13,53.00,0.578472222,2643.0,2675.5,2659.3
7/17/2024 1:54 PM,2024,7,17,13,54.00,0.579166667,1140.2,1168.6,1154.4
7/17/2024 1:55 PM,2024,7,17,13,55.00,0.579861111,2046.3,2064.1,2055.2
7/17/2024 1:56 PM,2024,7,17,13,56.00,0.580555556,2253.8,2363.6,2308.7
7/17/2024 1:57 PM,2024,7,17,13,57.00,0.58125,2696.3,2749.9,2723.1
7/17/2024 1:58 PM,2024,7,17,13,58.00,0.581944444,2655.9,2711.5,2683.7
7/17/2024 1:59 PM,2024,7,17,13,59.00,0.582638889,2662.2,2720.5,2691.3
7/17/2024 2:00 PM,2024,7,17,14,0.00,0.583333333,2671.6,2729.0,2700.3
7/17/2024 2:01 PM,2024,7,17,14,1.00,0.584027778,1221.2,1256.8,1239.0
7/17/2024 2:02 PM,2024,7,17,14,2.00,0.584722222,2311.8,2360.0,2335.9
7/17/2024 2:03 PM,2024,7,17,14,3.00,0.585416667,1599.2,1530.7,1564.9
7/17/2024 2:04 PM,2024,7,17,14,4.00,0.586111111,1045.9,1082.6,1064.3
7/17/2024 2:05 PM,2024,7,17,14,5.00,0.586805556,931.9,964.2,948.1
7/17/2024 2:06 PM,2024,7,17,14,6.00,0.5875,939.7,971.9,955.8
7/17/2024 2:07 PM,2024,7,17,14,7.00,0.588194444,978.8,1017.7,998.3
7/17/2024 2:08 PM,2024,7,17,14,8.00,0.588888889,1041.3,1074.0,1057.7
7/17/2024 2:09 PM,2024,7,17,14,9.00,0.589583333,2642.9,2687.1,2665.0
7/17/2024 2:10 PM,2024,7,17,14,10.00,0.590277778,1546.2,1581.9,1564.0
7/17/2024 2:11 PM,2024,7,17,14,11.00,0.590972222,1133.3,1160.5,1146.9
7/17/2024 2:12 PM,2024,7,17,14,12.00,0.591666667,1228.5,1231.0,1229.8
7/17/2024 2:13 PM,2024,7,17,14,13.00,0.592361111,1044.5,1081.2,1062.8
7/17/2024 2:14 PM,2024,7,17,14,14.00,0.593055556,1726.8,1859.0,1792.9
7/17/2024 2:15 PM,2024,7,17,14,15.00,0.59375,1080.2,1113.0,1096.6
7/17/2024 2:16 PM,2024,7,17,14,16.00,0.594444444,1535.8,1548.4,1542.1
7/17/2024 2:17 PM,2024,7,17,14,17.00,0.595138889,1337.4,1351.4,1344.4
7/17/2024 2:18 PM,2024,7,17,14,18.00,0.595833333,1772.5,1778.1,1775.3
7/17/2024 2:19 PM,2024,7,17,14,19.00,0.596527778,1459.3,1389.0,1424.2
7/17/2024 2:20 PM,2024,7,17,14,20.00,0.597222222,1227.9,1237.8,1232.9
7/17/2024 2:21 PM,2024,7,17,14,21.00,0.597916667,1613.4,1667.7,1640.5
7/17/2024 2:22 PM,2024,7,17,14,22.00,0.598611111,1188.8,1228.6,1208.7
7/17/2024 2:23 PM,2024,7,17,14,23.00,0.599305556,1587.5,1566.8,1577.2
7/17/2024 2:24 PM,2024,7,17,14,24.00,0.6,2062.1,2106.6,2084.4
7/17/2024 2:25 PM,2024,7,17,14,25.00,0.600694444,1566.6,1552.3,1559.5
7/17/2024 2:26 PM,2024,7,17,14,26.00,0.601388889,2237.8,2225.5,2231.7
7/17/2024 2:27 PM,2024,7,17,14,27.00,0.602083333,2214.9,2262.5,2238.7
7/17/2024 2:28 PM,2024,7,17,14,28.00,0.602777778,1497.4,1537.2,1517.3
7/17/2024 2:29 PM,2024,7,17,14,29.00,0.603472222,2407.8,2470.7,2439.3
7/17/2024 2:30 PM,2024,7,17,14,30.00,0.604166667,2334.0,2501.0,2417.5
7/17/2024 2:31 PM,2024,7,17,14,31.00,0.604861111,1200.4,1215.5,1208.0
7/17/2024 2:32 PM,2024,7,17,14,32.00,0.605555556,2300.4,2425.7,2363.0
7/17/2024 2:33 PM,2024,7,17,14,33.00,0.60625,2371.2,2408.4,2389.8
7/17/2024 2:34 PM,2024,7,17,14,34.00,0.606944444,1790.6,1812.4,1801.5
7/17/2024 2:35 PM,2024,7,17,14,35.00,0.607638889,1076.8,1106.3,1091.6
7/17/2024 2:36 PM,2024,7,17,14,36.00,0.608333333,1569.3,1596.5,1582.9
7/17/2024 2:37 PM,2024,7,17,14,37.00,0.609027778,1395.3,1397.8,1396.6
7/17/2024 2:38 PM,2024,7,17,14,38.00,0.609722222,1330.3,1466.2,1398.3
7/17/2024 2:39 PM,2024,7,17,14,39.00,0.610416667,2461.5,2489.6,2475.6
7/17/2024 2:40 PM,2024,7,17,14,40.00,0.611111111,1838.4,1842.7,1840.5
7/17/2024 2:41 PM,2024,7,17,14,41.00,0.611805556,1658.6,1609.8,1634.2
7/17/2024 2:42 PM,2024,7,17,14,42.00,0.6125,1085.0,1199.8,1142.4
7/17/2024 2:43 PM,2024,7,17,14,43.00,0.613194444,1389.2,1478.8,1434.0
7/17/2024 2:44 PM,2024,7,17,14,44.00,0.613888889,827.8,863.6,845.7
7/17/2024 2:45 PM,2024,7,17,14,45.00,0.614583333,906.7,940.6,923.6
7/17/2024 2:46 PM,2024,7,17,14,46.00,0.615277778,1620.0,1740.7,1680.3
7/17/2024 2:47 PM,2024,7,17,14,47.00,0.615972222,2449.1,2467.6,2458.4
7/17/2024 2:48 PM,2024,7,17,14,48.00,0.616666667,1784.4,1867.6,1826.0
7/17/2024 2:49 PM,2024,7,17,14,49.00,0.617361111,867.9,894.9,881.4
7/17/2024 2:50 PM,2024,7,17,14,50.00,0.618055556,865.4,888.9,877.2
7/17/2024 2:51 PM,2024,7,17,14,51.00,0.61875,864.9,886.7,875.8
7/17/2024 2:52 PM,2024,7,17,14,52.00,0.619444444,984.7,996.2,990.5
7/17/2024 2:53 PM,2024,7,17,14,53.00,0.620138889,1075.1,1098.8,1087.0
7/17/2024 2:54 PM,2024,7,17,14,54.00,0.620833333,1133.6,1155.1,1144.3
7/17/2024 2:55 PM,2024,7,17,14,55.00,0.621527778,2285.0,2343.9,2314.4
7/17/2024 2:56 PM,2024,7,17,14,56.00,0.622222222,1778.0,1963.0,1870.5
7/17/2024 2:57 PM,2024,7,17,14,57.00,0.622916667,2561.9,2607.8,2584.8
7/17/2024 2:58 PM,2024,7,17,14,58.00,0.623611111,2556.4,2595.8,2576.1
7/17/2024 2:59 PM,2024,7,17,14,59.00,0.624305556,2571.2,2613.2,2592.2
7/17/2024 3:00 PM,2024,7,17,15,0.00,0.625,2474.5,2499.5,2487.0
7/17/2024 3:01 PM,2024,7,17,15,1.00,0.625694444,2295.9,2309.2,2302.5
7/17/2024 3:02 PM,2024,7,17,15,2.00,0.626388889,2444.4,2486.8,2465.6
7/17/2024 3:03 PM,2024,7,17,15,3.00,0.627083333,2226.4,2226.5,2226.4
7/17/2024 3:04 PM,2024,7,17,15,4.00,0.627777778,1840.6,1951.7,1896.1
7/17/2024 3:05 PM,2024,7,17,15,5.00,0.628472222,2487.1,2518.6,2502.9
7/17/2024 3:06 PM,2024,7,17,15,6.00,0.629166667,2191.5,2126.3,2158.9
7/17/2024 3:07 PM,2024,7,17,15,7.00,0.629861111,1335.5,1444.5,1390.0
7/17/2024 3:08 PM,2024,7,17,15,8.00,0.630555556,2170.5,2152.0,2161.3
7/17/2024 3:09 PM,2024,7,17,15,9.00,0.63125,2352.2,2390.4,2371.3
7/17/2024 3:10 PM,2024,7,17,15,10.00,0.631944444,1803.2,1814.2,1808.7
7/17/2024 3:11 PM,2024,7,17,15,11.00,0.632638889,1662.4,1670.9,1666.7
7/17/2024 3:12 PM,2024,7,17,15,12.00,0.633333333,1679.9,1715.5,1697.7
7/17/2024 3:13 PM,2024,7,17,15,13.00,0.634027778,1496.8,1526.9,1511.9
7/17/2024 3:14 PM,2024,7,17,15,14.00,0.634722222,1522.7,1542.6,1532.6
7/17/2024 3:15 PM,2024,7,17,15,15.00,0.635416667,1662.7,1705.5,1684.1
7/17/2024 3:16 PM,2024,7,17,15,16.00,0.636111111,1391.4,1433.5,1412.5
7/17/2024 3:17 PM,2024,7,17,15,17.00,0.636805556,1152.4,1138.4,1145.4
7/17/2024 3:18 PM,2024,7,17,15,18.00,0.6375,1654.1,1590.8,1622.5
7/17/2024 3:19 PM,2024,7,17,15,19.00,0.638194444,1970.7,1976.8,1973.8
7/17/2024 3:20 PM,2024,7,17,15,20.00,0.638888889,1804.7,1838.8,1821.8
7/17/2024 3:21 PM,2024,7,17,15,21.00,0.639583333,2086.4,2114.7,2100.5
7/17/2024 3:22 PM,2024,7,17,15,22.00,0.640277778,1963.4,2000.4,1981.9
7/17/2024 3:23 PM,2024,7,17,15,23.00,0.640972222,1991.8,2022.5,2007.2
7/17/2024 3:24 PM,2024,7,17,15,24.00,0.641666667,1970.8,2007.7,1989.3
7/17/2024 3:25 PM,2024,7,17,15,25.00,0.642361111,1957.3,1997.2,1977.3
7/17/2024 3:26 PM,2024,7,17,15,26.00,0.643055556,1934.8,1971.8,1953.3
7/17/2024 3:27 PM,2024,7,17,15,27.00,0.64375,1946.9,1985.2,1966.0
7/17/2024 3:28 PM,2024,7,17,15,28.00,0.644444444,1681.3,1735.8,1708.6
7/18/2024 9:44 AM,2024,7,18,9,44.00,0.405555556,1305.6,451.7,878.6
7/18/2024 9:45 AM,2024,7,18,9,45.00,0.40625,1121.7,523.3,822.5
7/18/2024 9:46 AM,2024,7,18,9,46.00,0.406944444,1414.8,710.5,1062.7
7/18/2024 9:47 AM,2024,7,18,9,47.00,0.407638889,1457.2,1499.4,1478.3
7/18/2024 9:48 AM,2024,7,18,9,48.00,0.408333333,1468.2,1500.8,1484.5
7/18/2024 9:49 AM,2024,7,18,9,49.00,0.409027778,1473.2,1508.0,1490.6
7/18/2024 9:50 AM,2024,7,18,9,50.00,0.409722222,1482.9,1515.5,1499.2
7/18/2024 9:51 AM,2024,7,18,9,51.00,0.410416667,1493.8,1523.6,1508.7
7/18/2024 9:52 AM,2024,7,18,9,52.00,0.411111111,1500.7,1531.6,1516.1
7/18/2024 9:53 AM,2024,7,18,9,53.00,0.411805556,1511.4,1541.2,1526.3
7/18/2024 9:54 AM,2024,7,18,9,54.00,0.4125,1517.3,1546.8,1532.1
7/18/2024 9:55 AM,2024,7,18,9,55.00,0.413194444,1528.5,1555.7,1542.1
7/18/2024 9:56 AM,2024,7,18,9,56.00,0.413888889,1530.2,1557.9,1544.0
7/18/2024 9:57 AM,2024,7,18,9,57.00,0.414583333,1536.6,1559.9,1548.3
7/18/2024 9:58 AM,2024,7,18,9,58.00,0.415277778,1538.4,1566.9,1552.7
7/18/2024 9:59 AM,2024,7,18,9,59.00,0.415972222,1541.1,1567.2,1554.1
7/18/2024 10:00 AM,2024,7,18,10,0.00,0.416666667,1538.9,1566.2,1552.5
7/18/2024 10:01 AM,2024,7,18,10,1.00,0.417361111,1551.0,1577.5,1564.3
7/18/2024 10:02 AM,2024,7,18,10,2.00,0.418055556,1562.6,1592.5,1577.5
7/18/2024 10:03 AM,2024,7,18,10,3.00,0.41875,1559.4,1589.4,1574.4
7/18/2024 10:04 AM,2024,7,18,10,4.00,0.419444444,1575.6,1600.7,1588.1
7/18/2024 10:05 AM,2024,7,18,10,5.00,0.420138889,1577.2,1602.3,1589.8
7/18/2024 10:06 AM,2024,7,18,10,6.00,0.420833333,1582.0,1605.1,1593.5
7/18/2024 10:07 AM,2024,7,18,10,7.00,0.421527778,1593.0,1619.0,1606.0
7/18/2024 10:08 AM,2024,7,18,10,8.00,0.422222222,1594.7,1627.0,1610.8
7/18/2024 10:09 AM,2024,7,18,10,9.00,0.422916667,1604.8,1631.5,1618.2
7/18/2024 10:10 AM,2024,7,18,10,10.00,0.423611111,1609.0,1637.0,1623.0
7/18/2024 10:11 AM,2024,7,18,10,11.00,0.424305556,1613.8,1642.2,1628.0
7/18/2024 10:12 AM,2024,7,18,10,12.00,0.425,1620.7,1643.5,1632.1
7/18/2024 10:13 AM,2024,7,18,10,13.00,0.425694444,1629.5,1654.9,1642.2
7/18/2024 10:14 AM,2024,7,18,10,14.00,0.426388889,1635.6,1658.5,1647.0
7/18/2024 10:15 AM,2024,7,18,10,15.00,0.427083333,1643.9,1666.9,1655.4
7/18/2024 10:16 AM,2024,7,18,10,16.00,0.427777778,1655.5,1678.8,1667.2
7/18/2024 10:17 AM,2024,7,18,10,17.00,0.428472222,1666.0,1688.9,1677.5
7/18/2024 10:18 AM,2024,7,18,10,18.00,0.429166667,1674.5,1698.5,1686.5
7/18/2024 10:19 AM,2024,7,18,10,19.00,0.429861111,1694.5,1720.2,1707.3
7/18/2024 10:20 AM,2024,7,18,10,20.00,0.430555556,1706.5,1731.9,1719.2
7/18/2024 10:21 AM,2024,7,18,10,21.00,0.43125,1713.1,1737.6,1725.3
7/18/2024 10:22 AM,2024,7,18,10,22.00,0.431944444,1601.4,1614.9,1608.2
7/18/2024 10:23 AM,2024,7,18,10,23.00,0.432638889,1216.4,1268.4,1242.4
7/18/2024 10:24 AM,2024,7,18,10,24.00,0.433333333,1113.2,1159.2,1136.2
7/18/2024 10:25 AM,2024,7,18,10,25.00,0.434027778,1583.3,1646.9,1615.1
7/18/2024 10:26 AM,2024,7,18,10,26.00,0.434722222,944.5,842.3,893.4
7/18/2024 10:27 AM,2024,7,18,10,27.00,0.435416667,1013.7,1067.7,1040.7
7/18/2024 10:28 AM,2024,7,18,10,28.00,0.436111111,1440.2,1500.0,1470.1
7/18/2024 10:29 AM,2024,7,18,10,29.00,0.436805556,1839.7,1865.9,1852.8
7/18/2024 10:30 AM,2024,7,18,10,30.00,0.4375,1840.9,1867.6,1854.3
7/18/2024 10:31 AM,2024,7,18,10,31.00,0.438194444,1566.0,1563.9,1565.0
7/18/2024 10:32 AM,2024,7,18,10,32.00,0.438888889,1216.2,1179.1,1197.6
7/18/2024 10:33 AM,2024,7,18,10,33.00,0.439583333,1706.8,1731.2,1719.0
7/18/2024 10:34 AM,2024,7,18,10,34.00,0.440277778,1844.8,1878.6,1861.7
7/18/2024 10:35 AM,2024,7,18,10,35.00,0.440972222,1798.3,1819.4,1808.9
7/18/2024 10:36 AM,2024,7,18,10,36.00,0.441666667,1793.3,1812.3,1802.8
7/18/2024 10:37 AM,2024,7,18,10,37.00,0.442361111,1792.8,1813.3,1803.1
7/18/2024 10:38 AM,2024,7,18,10,38.00,0.443055556,1793.8,1811.1,1802.5
7/18/2024 10:39 AM,2024,7,18,10,39.00,0.44375,1793.9,1814.8,1804.4
7/18/2024 10:40 AM,2024,7,18,10,40.00,0.444444444,1801.8,1817.3,1809.6
7/18/2024 10:41 AM,2024,7,18,10,41.00,0.445138889,1807.9,1825.9,1816.9
7/18/2024 10:42 AM,2024,7,18,10,42.00,0.445833333,1811.7,1830.0,1820.8
7/18/2024 10:43 AM,2024,7,18,10,43.00,0.446527778,1807.4,1827.6,1817.5
7/18/2024 10:44 AM,2024,7,18,10,44.00,0.447222222,1818.2,1837.0,1827.6
7/18/2024 10:45 AM,2024,7,18,10,45.00,0.447916667,1815.7,1833.3,1824.5
7/18/2024 10:46 AM,2024,7,18,10,46.00,0.448611111,1823.8,1842.7,1833.3
7/18/2024 10:47 AM,2024,7,18,10,47.00,0.449305556,1829.3,1851.6,1840.5
7/18/2024 10:48 AM,2024,7,18,10,48.00,0.45,1833.2,1849.8,1841.5
7/18/2024 10:49 AM,2024,7,18,10,49.00,0.450694444,1837.5,1857.6,1847.5
7/18/2024 10:50 AM,2024,7,18,10,50.00,0.451388889,1834.1,1853.0,1843.5
7/18/2024 10:51 AM,2024,7,18,10,51.00,0.452083333,1841.5,1861.2,1851.3
7/18/2024 10:52 AM,2024,7,18,10,52.00,0.452777778,1852.8,1869.5,1861.2
7/18/2024 10:53 AM,2024,7,18,10,53.00,0.453472222,1858.7,1875.4,1867.0
7/18/2024 10:54 AM,2024,7,18,10,54.00,0.454166667,1861.7,1878.6,1870.1
7/18/2024 10:55 AM,2024,7,18,10,55.00,0.454861111,1866.1,1886.1,1876.1
7/18/2024 10:56 AM,2024,7,18,10,56.00,0.455555556,1860.3,1879.0,1869.7
7/18/2024 10:57 AM,2024,7,18,10,57.00,0.45625,1874.7,1888.7,1881.7
7/18/2024 10:58 AM,2024,7,18,10,58.00,0.456944444,1878.8,1897.6,1888.2
7/18/2024 10:59 AM,2024,7,18,10,59.00,0.457638889,1882.9,1901.2,1892.0
7/18/2024 11:00 AM,2024,7,18,11,0.00,0.458333333,1890.0,1906.6,1898.3
7/18/2024 11:01 AM,2024,7,18,11,1.00,0.459027778,1893.9,1912.4,1903.2
7/18/2024 11:02 AM,2024,7,18,11,2.00,0.459722222,1903.4,1920.9,1912.2
7/18/2024 11:03 AM,2024,7,18,11,3.00,0.460416667,1909.4,1927.3,1918.4
7/18/2024 11:04 AM,2024,7,18,11,4.00,0.461111111,1911.6,1931.4,1921.5
7/18/2024 11:05 AM,2024,7,18,11,5.00,0.461805556,1935.3,1952.5,1943.9
7/18/2024 11:06 AM,2024,7,18,11,6.00,0.4625,1950.4,1966.6,1958.5
7/18/2024 11:07 AM,2024,7,18,11,7.00,0.463194444,1936.7,1954.3,1945.5
7/18/2024 11:08 AM,2024,7,18,11,8.00,0.463888889,1856.9,1913.9,1885.4
7/18/2024 11:09 AM,2024,7,18,11,9.00,0.464583333,1971.3,1989.2,1980.3
7/18/2024 11:10 AM,2024,7,18,11,10.00,0.465277778,1974.2,1992.6,1983.4
7/18/2024 11:11 AM,2024,7,18,11,11.00,0.465972222,1962.8,1978.5,1970.7
7/18/2024 11:12 AM,2024,7,18,11,12.00,0.466666667,1955.6,1971.8,1963.7
7/18/2024 11:13 AM,2024,7,18,11,13.00,0.467361111,1960.2,1979.4,1969.8
7/18/2024 11:14 AM,2024,7,18,11,14.00,0.468055556,1956.5,1977.9,1967.2
7/18/2024 11:15 AM,2024,7,18,11,15.00,0.46875,1956.0,1972.4,1964.2
7/18/2024 11:16 AM,2024,7,18,11,16.00,0.469444444,1846.1,1862.4,1854.3
7/18/2024 11:17 AM,2024,7,18,11,17.00,0.470138889,1971.3,1990.7,1981.0
7/18/2024 11:18 AM,2024,7,18,11,18.00,0.470833333,1969.4,1987.7,1978.5
7/18/2024 11:19 AM,2024,7,18,11,19.00,0.471527778,1973.9,1989.9,1981.9
7/18/2024 11:20 AM,2024,7,18,11,20.00,0.472222222,2033.9,2058.7,2046.3
7/18/2024 11:21 AM,2024,7,18,11,21.00,0.472916667,1989.1,2006.2,1997.6
7/18/2024 11:22 AM,2024,7,18,11,22.00,0.473611111,1984.3,2002.2,1993.3
7/18/2024 11:23 AM,2024,7,18,11,23.00,0.474305556,1988.2,2003.2,1995.7
7/18/2024 11:24 AM,2024,7,18,11,24.00,0.475,1988.8,2004.7,1996.8
7/18/2024 11:25 AM,2024,7,18,11,25.00,0.475694444,1990.8,2007.6,1999.2
7/18/2024 11:26 AM,2024,7,18,11,26.00,0.476388889,1989.0,2007.0,1998.0
7/18/2024 11:27 AM,2024,7,18,11,27.00,0.477083333,1942.4,1968.9,1955.7
7/18/2024 11:28 AM,2024,7,18,11,28.00,0.477777778,1998.9,2019.6,2009.3
7/18/2024 11:29 AM,2024,7,18,11,29.00,0.478472222,1998.4,2017.3,2007.9
7/18/2024 11:30 AM,2024,7,18,11,30.00,0.479166667,2003.3,2022.6,2013.0
7/18/2024 11:31 AM,2024,7,18,11,31.00,0.479861111,2001.3,2020.4,2010.9
7/18/2024 11:32 AM,2024,7,18,11,32.00,0.480555556,2010.5,2034.8,2022.7
7/18/2024 11:33 AM,2024,7,18,11,33.00,0.48125,2013.7,2028.3,2021.0
7/18/2024 11:34 AM,2024,7,18,11,34.00,0.481944444,2011.0,2017.3,2014.2
7/18/2024 11:35 AM,2024,7,18,11,35.00,0.482638889,2028.9,2040.2,2034.5
7/18/2024 11:36 AM,2024,7,18,11,36.00,0.483333333,2020.1,2036.6,2028.3
7/18/2024 11:37 AM,2024,7,18,11,37.00,0.484027778,2025.3,2039.2,2032.3
7/18/2024 11:38 AM,2024,7,18,11,38.00,0.484722222,2027.1,2053.6,2040.4
7/18/2024 11:39 AM,2024,7,18,11,39.00,0.485416667,2038.3,1961.1,1999.7
7/18/2024 11:40 AM,2024,7,18,11,40.00,0.486111111,2047.8,1415.0,1731.4
7/18/2024 11:41 AM,2024,7,18,11,41.00,0.486805556,1375.1,909.6,1142.3
7/18/2024 11:42 AM,2024,7,18,11,42.00,0.4875,1061.5,1568.9,1315.2
7/18/2024 11:43 AM,2024,7,18,11,43.00,0.488194444,1452.6,1999.4,1726.0
7/18/2024 11:44 AM,2024,7,18,11,44.00,0.488888889,2049.6,2067.8,2058.7
7/18/2024 11:45 AM,2024,7,18,11,45.00,0.489583333,2055.1,2073.1,2064.1
7/18/2024 11:46 AM,2024,7,18,11,46.00,0.490277778,2058.8,2076.3,2067.6
7/18/2024 11:47 AM,2024,7,18,11,47.00,0.490972222,2067.5,2084.2,2075.8
7/18/2024 11:48 AM,2024,7,18,11,48.00,0.491666667,2074.8,2094.6,2084.7
7/18/2024 11:49 AM,2024,7,18,11,49.00,0.492361111,2067.9,2080.4,2074.1
7/18/2024 11:50 AM,2024,7,18,11,50.00,0.493055556,2076.5,2095.7,2086.1
7/18/2024 11:51 AM,2024,7,18,11,51.00,0.49375,2073.4,2089.7,2081.5
7/18/2024 11:52 AM,2024,7,18,11,52.00,0.494444444,2078.6,2097.5,2088.1
7/18/2024 11:53 AM,2024,7,18,11,53.00,0.495138889,2085.6,2104.2,2094.9
7/18/2024 11:54 AM,2024,7,18,11,54.00,0.495833333,2087.9,2108.8,2098.3
7/18/2024 11:55 AM,2024,7,18,11,55.00,0.496527778,2093.4,2113.9,2103.6
7/18/2024 11:56 AM,2024,7,18,11,56.00,0.497222222,2087.4,2104.1,2095.8
7/18/2024 11:57 AM,2024,7,18,11,57.00,0.497916667,2095.1,2111.5,2103.3
7/18/2024 11:58 AM,2024,7,18,11,58.00,0.498611111,2091.4,2106.3,2098.8
7/18/2024 11:59 AM,2024,7,18,11,59.00,0.499305556,2094.5,2111.9,2103.2
7/18/2024 12:00 PM,2024,7,18,12,0.00,0.5,2087.3,2098.0,2092.7
7/18/2024 12:01 PM,2024,7,18,12,1.00,0.500694444,2086.2,2104.2,2095.2
7/18/2024 12:02 PM,2024,7,18,12,2.00,0.501388889,2109.5,2121.1,2115.3
7/18/2024 12:03 PM,2024,7,18,12,3.00,0.502083333,2107.6,2126.2,2116.9
7/18/2024 12:04 PM,2024,7,18,12,4.00,0.502777778,2111.7,2126.5,2119.1
7/18/2024 12:05 PM,2024,7,18,12,5.00,0.503472222,2104.3,2115.6,2110.0
7/18/2024 12:06 PM,2024,7,18,12,6.00,0.504166667,2109.5,2121.5,2115.5
7/18/2024 12:07 PM,2024,7,18,12,7.00,0.504861111,2117.6,2134.1,2125.9
7/18/2024 12:08 PM,2024,7,18,12,8.00,0.505555556,2125.0,2140.4,2132.7
7/18/2024 12:09 PM,2024,7,18,12,9.00,0.50625,2119.9,2134.8,2127.3
7/18/2024 12:10 PM,2024,7,18,12,10.00,0.506944444,2116.5,2129.9,2123.2
7/18/2024 12:11 PM,2024,7,18,12,11.00,0.507638889,2109.7,2127.8,2118.8
7/18/2024 12:12 PM,2024,7,18,12,12.00,0.508333333,2126.4,2139.8,2133.1
7/18/2024 12:13 PM,2024,7,18,12,13.00,0.509027778,2124.4,2141.1,2132.8
7/18/2024 12:14 PM,2024,7,18,12,14.00,0.509722222,2123.5,2139.8,2131.7
7/18/2024 12:15 PM,2024,7,18,12,15.00,0.510416667,2130.4,2146.2,2138.3
7/18/2024 12:16 PM,2024,7,18,12,16.00,0.511111111,2129.9,2142.5,2136.2
7/18/2024 12:17 PM,2024,7,18,12,17.00,0.511805556,2139.7,2155.8,2147.8
7/18/2024 12:18 PM,2024,7,18,12,18.00,0.5125,2136.7,2153.0,2144.8
7/18/2024 12:19 PM,2024,7,18,12,19.00,0.513194444,2132.5,2146.4,2139.4
7/18/2024 12:20 PM,2024,7,18,12,20.00,0.513888889,2127.1,2144.3,2135.7
7/18/2024 12:21 PM,2024,7,18,12,21.00,0.514583333,1999.1,1993.7,1996.4
7/18/2024 12:22 PM,2024,7,18,12,22.00,0.515277778,2019.7,2060.6,2040.2
7/18/2024 12:23 PM,2024,7,18,12,23.00,0.515972222,2080.6,2142.5,2111.6
7/18/2024 12:24 PM,2024,7,18,12,24.00,0.516666667,2145.3,2155.5,2150.4
7/18/2024 12:25 PM,2024,7,18,12,25.00,0.517361111,2146.6,2165.1,2155.9
7/18/2024 12:26 PM,2024,7,18,12,26.00,0.518055556,2145.5,2161.7,2153.6
7/18/2024 12:27 PM,2024,7,18,12,27.00,0.51875,2127.8,2141.0,2134.4
7/18/2024 12:28 PM,2024,7,18,12,28.00,0.519444444,2147.9,2171.0,2159.4
7/18/2024 12:29 PM,2024,7,18,12,29.00,0.520138889,2156.4,2172.4,2164.4
7/18/2024 12:30 PM,2024,7,18,12,30.00,0.520833333,2157.2,2172.6,2164.9
7/18/2024 12:31 PM,2024,7,18,12,31.00,0.521527778,2155.4,2171.2,2163.3
7/18/2024 12:32 PM,2024,7,18,12,32.00,0.522222222,2152.8,2170.0,2161.4
7/18/2024 12:33 PM,2024,7,18,12,33.00,0.522916667,2154.2,2167.0,2160.6
7/18/2024 12:34 PM,2024,7,18,12,34.00,0.523611111,2150.8,2168.5,2159.7
7/18/2024 12:35 PM,2024,7,18,12,35.00,0.524305556,2160.7,2170.3,2165.5
7/18/2024 12:36 PM,2024,7,18,12,36.00,0.525,2154.2,2170.1,2162.2
7/18/2024 12:37 PM,2024,7,18,12,37.00,0.525694444,2161.5,2177.6,2169.6
7/18/2024 12:38 PM,2024,7,18,12,38.00,0.526388889,2146.6,2170.5,2158.6
7/18/2024 12:39 PM,2024,7,18,12,39.00,0.527083333,2152.4,2168.2,2160.3
7/18/2024 12:40 PM,2024,7,18,12,40.00,0.527777778,2153.8,2166.2,2160.0
7/18/2024 12:41 PM,2024,7,18,12,41.00,0.528472222,2159.5,2172.1,2165.8
7/18/2024 12:42 PM,2024,7,18,12,42.00,0.529166667,2163.9,2178.7,2171.3
7/18/2024 12:43 PM,2024,7,18,12,43.00,0.529861111,2156.0,2168.5,2162.3
7/18/2024 12:44 PM,2024,7,18,12,44.00,0.530555556,2163.5,2179.1,2171.3
7/18/2024 12:45 PM,2024,7,18,12,45.00,0.53125,2167.8,2182.4,2175.1
7/18/2024 12:46 PM,2024,7,18,12,46.00,0.531944444,2068.3,2033.9,2051.1
7/18/2024 12:47 PM,2024,7,18,12,47.00,0.532638889,2169.0,2180.1,2174.6
7/18/2024 12:48 PM,2024,7,18,12,48.00,0.533333333,2153.0,2167.4,2160.2
7/18/2024 12:49 PM,2024,7,18,12,49.00,0.534027778,2171.3,2186.0,2178.7
7/18/2024 12:50 PM,2024,7,18,12,50.00,0.534722222,2172.6,2185.8,2179.2
7/18/2024 12:51 PM,2024,7,18,12,51.00,0.535416667,2176.9,2188.2,2182.5
7/18/2024 12:52 PM,2024,7,18,12,52.00,0.536111111,2181.7,2193.7,2187.7
7/18/2024 12:53 PM,2024,7,18,12,53.00,0.536805556,2172.3,2184.1,2178.2
7/18/2024 12:54 PM,2024,7,18,12,54.00,0.5375,2176.0,2186.9,2181.4
7/18/2024 12:55 PM,2024,7,18,12,55.00,0.538194444,2171.3,2185.1,2178.2
7/18/2024 12:56 PM,2024,7,18,12,56.00,0.538888889,2178.1,2193.5,2185.8
7/18/2024 12:57 PM,2024,7,18,12,57.00,0.539583333,2178.3,2194.4,2186.3
7/18/2024 12:58 PM,2024,7,18,12,58.00,0.540277778,2179.2,2191.7,2185.4
7/18/2024 12:59 PM,2024,7,18,12,59.00,0.540972222,2179.5,2194.4,2186.9
7/18/2024 1:00 PM,2024,7,18,13,0.00,0.541666667,2179.8,2190.4,2185.1
7/18/2024 1:01 PM,2024,7,18,13,1.00,0.542361111,2179.3,2189.6,2184.5
7/18/2024 1:02 PM,2024,7,18,13,2.00,0.543055556,2179.5,2188.3,2183.9
7/18/2024 1:03 PM,2024,7,18,13,3.00,0.54375,2165.8,2181.9,2173.8
7/18/2024 1:04 PM,2024,7,18,13,4.00,0.544444444,2180.3,2188.2,2184.3
7/18/2024 1:05 PM,2024,7,18,13,5.00,0.545138889,2173.2,2187.4,2180.3
7/18/2024 1:06 PM,2024,7,18,13,6.00,0.545833333,2172.1,2185.2,2178.7
7/18/2024 1:07 PM,2024,7,18,13,7.00,0.546527778,2180.5,2193.9,2187.2
7/18/2024 1:08 PM,2024,7,18,13,8.00,0.547222222,2183.5,2198.4,2190.9
7/18/2024 1:09 PM,2024,7,18,13,9.00,0.547916667,2180.7,2190.2,2185.4
7/18/2024 1:10 PM,2024,7,18,13,10.00,0.548611111,2173.9,2188.1,2181.0
7/18/2024 1:11 PM,2024,7,18,13,11.00,0.549305556,2173.6,2185.3,2179.5
7/18/2024 1:12 PM,2024,7,18,13,12.00,0.55,2173.2,2187.7,2180.4
7/18/2024 1:13 PM,2024,7,18,13,13.00,0.550694444,2176.9,2191.4,2184.1
7/18/2024 1:14 PM,2024,7,18,13,14.00,0.551388889,2176.2,2187.3,2181.8
7/18/2024 1:15 PM,2024,7,18,13,15.00,0.552083333,2166.2,2177.8,2172.0
7/18/2024 1:16 PM,2024,7,18,13,16.00,0.552777778,2173.7,2184.3,2179.0
7/18/2024 1:17 PM,2024,7,18,13,17.00,0.553472222,2176.2,2186.7,2181.4
7/18/2024 1:18 PM,2024,7,18,13,18.00,0.554166667,2170.5,2181.4,2175.9
7/18/2024 1:19 PM,2024,7,18,13,19.00,0.554861111,2175.6,2183.6,2179.6
7/18/2024 1:20 PM,2024,7,18,13,20.00,0.555555556,0.0,0.0,0.0
7/18/2024 1:21 PM,2024,7,18,13,21.00,0.55625,0.0,0.0,0.0
7/18/2024 1:22 PM,2024,7,18,13,22.00,0.556944444,0.0,0.0,0.0
7/18/2024 1:23 PM,2024,7,18,13,23.00,0.557638889,0.0,0.0,0.0
7/18/2024 1:24 PM,2024,7,18,13,24.00,0.558333333,0.0,0.0,0.0
7/18/2024 1:25 PM,2024,7,18,13,25.00,0.559027778,0.0,0.0,0.0
7/18/2024 1:26 PM,2024,7,18,13,26.00,0.559722222,0.0,0.0,0.0
7/18/2024 1:27 PM,2024,7,18,13,27.00,0.560416667,0.0,0.0,0.0
7/18/2024 1:28 PM,2024,7,18,13,28.00,0.561111111,0.0,0.0,0.0
7/18/2024 1:29 PM,2024,7,18,13,29.00,0.561805556,0.0,0.0,0.0
7/18/2024 1:30 PM,2024,7,18,13,30.00,0.5625,0.0,0.0,0.0
7/18/2024 1:31 PM,2024,7,18,13,31.00,0.563194444,0.4,0.0,0.2
7/18/2024 1:32 PM,2024,7,18,13,32.00,0.563888889,0.2,0.0,0.1
7/18/2024 1:33 PM,2024,7,18,13,33.00,0.564583333,3.3,0.3,1.8
7/18/2024 1:34 PM,2024,7,18,13,34.00,0.565277778,3.8,0.2,2.0
7/18/2024 1:35 PM,2024,7,18,13,35.00,0.565972222,0.0,0.0,0.0
7/18/2024 1:36 PM,2024,7,18,13,36.00,0.566666667,0.4,0.0,0.2
7/18/2024 1:37 PM,2024,7,18,13,37.00,0.567361111,0.5,0.0,0.3
7/18/2024 1:38 PM,2024,7,18,13,38.00,0.568055556,0.6,0.0,0.3
7/18/2024 1:39 PM,2024,7,18,13,39.00,0.56875,0.4,0.0,0.2
7/18/2024 1:40 PM,2024,7,18,13,40.00,0.569444444,10.0,0.0,5.0
7/18/2024 1:41 PM,2024,7,18,13,41.00,0.570138889,5.3,0.8,3.1
7/18/2024 1:42 PM,2024,7,18,13,42.00,0.570833333,7.8,0.4,4.1
7/18/2024 1:43 PM,2024,7,18,13,43.00,0.571527778,0.1,0.0,0.1
7/18/2024 1:44 PM,2024,7,18,13,44.00,0.572222222,2174.8,2170.8,2172.8
7/18/2024 1:45 PM,2024,7,18,13,45.00,0.572916667,2157.5,2147.1,2152.3
7/18/2024 1:46 PM,2024,7,18,13,46.00,0.573611111,2152.4,2144.9,2148.6
7/18/2024 1:47 PM,2024,7,18,13,47.00,0.574305556,2149.9,2143.2,2146.5
7/18/2024 1:48 PM,2024,7,18,13,48.00,0.575,2143.3,2142.5,2142.9
7/18/2024 1:49 PM,2024,7,18,13,49.00,0.575694444,2141.8,2143.9,2142.8
7/18/2024 1:50 PM,2024,7,18,13,50.00,0.576388889,2138.7,2137.9,2138.3
7/18/2024 1:51 PM,2024,7,18,13,51.00,0.577083333,2140.5,2075.6,2108.1
7/18/2024 1:52 PM,2024,7,18,13,52.00,0.577777778,2140.2,2007.9,2074.0
7/18/2024 1:53 PM,2024,7,18,13,53.00,0.578472222,2126.4,1726.3,1926.3
7/18/2024 1:54 PM,2024,7,18,13,54.00,0.579166667,1714.7,1882.6,1798.6
7/18/2024 1:55 PM,2024,7,18,13,55.00,0.579861111,2015.4,2132.5,2074.0
7/18/2024 1:56 PM,2024,7,18,13,56.00,0.580555556,1746.3,2092.9,1919.6
7/18/2024 1:57 PM,2024,7,18,13,57.00,0.58125,2128.4,2121.8,2125.1
7/18/2024 1:58 PM,2024,7,18,13,58.00,0.581944444,2125.0,2123.9,2124.4
7/18/2024 1:59 PM,2024,7,18,13,59.00,0.582638889,2123.3,2119.6,2121.5
7/18/2024 2:00 PM,2024,7,18,14,0.00,0.583333333,2122.2,2119.9,2121.0
7/18/2024 2:01 PM,2024,7,18,14,1.00,0.584027778,2123.0,2119.1,2121.1
7/18/2024 2:02 PM,2024,7,18,14,2.00,0.584722222,2112.6,2060.7,2086.7
7/18/2024 2:03 PM,2024,7,18,14,3.00,0.585416667,2113.6,1872.9,1993.3
7/18/2024 2:04 PM,2024,7,18,14,4.00,0.586111111,1914.1,1536.2,1725.1
7/18/2024 2:05 PM,2024,7,18,14,5.00,0.586805556,1042.8,2102.7,1572.8
7/18/2024 2:06 PM,2024,7,18,14,6.00,0.5875,1062.5,2101.8,1582.2
7/18/2024 2:07 PM,2024,7,18,14,7.00,0.588194444,1616.7,1963.6,1790.1
7/18/2024 2:08 PM,2024,7,18,14,8.00,0.588888889,2112.2,1926.3,2019.3
7/18/2024 2:09 PM,2024,7,18,14,9.00,0.589583333,2004.2,1863.6,1933.9
7/18/2024 2:10 PM,2024,7,18,14,10.00,0.590277778,1900.1,1862.3,1881.2
7/18/2024 2:11 PM,2024,7,18,14,11.00,0.590972222,1851.7,2085.0,1968.3
7/18/2024 2:12 PM,2024,7,18,14,12.00,0.591666667,2107.2,2094.6,2100.9
7/18/2024 2:13 PM,2024,7,18,14,13.00,0.592361111,2072.5,2091.2,2081.8
7/18/2024 2:14 PM,2024,7,18,14,14.00,0.593055556,2096.6,2085.3,2091.0
7/18/2024 2:15 PM,2024,7,18,14,15.00,0.59375,2090.5,2073.6,2082.1
7/18/2024 2:16 PM,2024,7,18,14,16.00,0.594444444,2092.0,2081.0,2086.5
7/18/2024 2:17 PM,2024,7,18,14,17.00,0.595138889,2088.8,2070.0,2079.4
7/18/2024 2:18 PM,2024,7,18,14,18.00,0.595833333,2086.1,2068.3,2077.2
7/18/2024 2:19 PM,2024,7,18,14,19.00,0.596527778,2084.5,2069.3,2076.9
7/18/2024 2:20 PM,2024,7,18,14,20.00,0.597222222,2080.1,2061.8,2071.0
7/18/2024 2:21 PM,2024,7,18,14,21.00,0.597916667,2081.5,2055.2,2068.3
7/18/2024 2:22 PM,2024,7,18,14,22.00,0.598611111,2083.1,2062.2,2072.7
7/18/2024 2:23 PM,2024,7,18,14,23.00,0.599305556,2081.0,2052.2,2066.6
7/18/2024 2:24 PM,2024,7,18,14,24.00,0.6,2078.4,2058.5,2068.4
7/18/2024 2:25 PM,2024,7,18,14,25.00,0.600694444,2069.3,2042.0,2055.7
7/18/2024 2:26 PM,2024,7,18,14,26.00,0.601388889,2070.9,2045.1,2058.0
7/18/2024 2:27 PM,2024,7,18,14,27.00,0.602083333,2045.0,2019.6,2032.3
7/18/2024 2:28 PM,2024,7,18,14,28.00,0.602777778,2067.3,2035.5,2051.4
7/18/2024 2:29 PM,2024,7,18,14,29.00,0.603472222,2055.9,2031.7,2043.8
7/18/2024 2:30 PM,2024,7,18,14,30.00,0.604166667,2064.2,2029.2,2046.7
7/18/2024 2:31 PM,2024,7,18,14,31.00,0.604861111,2057.1,2030.3,2043.7
7/18/2024 2:32 PM,2024,7,18,14,32.00,0.605555556,2054.6,2026.4,2040.5
7/18/2024 2:33 PM,2024,7,18,14,33.00,0.60625,2038.0,2012.6,2025.3
7/18/2024 2:34 PM,2024,7,18,14,34.00,0.606944444,2048.2,2019.5,2033.8
7/18/2024 2:35 PM,2024,7,18,14,35.00,0.607638889,2049.7,2024.8,2037.3
7/18/2024 2:36 PM,2024,7,18,14,36.00,0.608333333,2046.5,2013.5,2030.0
7/18/2024 2:37 PM,2024,7,18,14,37.00,0.609027778,2050.9,2010.6,2030.7
7/18/2024 2:38 PM,2024,7,18,14,38.00,0.609722222,2043.8,2007.3,2025.6
7/18/2024 2:39 PM,2024,7,18,14,39.00,0.610416667,2041.8,2003.0,2022.4
7/18/2024 2:40 PM,2024,7,18,14,40.00,0.611111111,2040.2,1999.5,2019.8
7/18/2024 2:41 PM,2024,7,18,14,41.00,0.611805556,2035.2,2000.4,2017.8
7/18/2024 2:42 PM,2024,7,18,14,42.00,0.6125,2030.9,1992.5,2011.7
7/18/2024 2:43 PM,2024,7,18,14,43.00,0.613194444,2023.4,1982.3,2002.9
7/18/2024 2:44 PM,2024,7,18,14,44.00,0.613888889,2024.1,1904.5,1964.3
7/18/2024 2:45 PM,2024,7,18,14,45.00,0.614583333,1645.9,1799.7,1722.8
7/18/2024 2:46 PM,2024,7,18,14,46.00,0.615277778,1759.1,1979.0,1869.0
7/18/2024 2:47 PM,2024,7,18,14,47.00,0.615972222,2029.1,1976.5,2002.8
7/18/2024 2:48 PM,2024,7,18,14,48.00,0.616666667,2023.7,1968.4,1996.0
7/18/2024 2:49 PM,2024,7,18,14,49.00,0.617361111,2022.3,1966.2,1994.3
7/18/2024 2:50 PM,2024,7,18,14,50.00,0.618055556,2010.7,1958.9,1984.8
7/18/2024 2:51 PM,2024,7,18,14,51.00,0.61875,2018.0,1961.2,1989.6
7/18/2024 2:52 PM,2024,7,18,14,52.00,0.619444444,2004.0,1949.1,1976.5
7/18/2024 2:53 PM,2024,7,18,14,53.00,0.620138889,2007.6,1946.4,1977.0
7/18/2024 2:54 PM,2024,7,18,14,54.00,0.620833333,1998.7,1945.4,1972.0
7/18/2024 2:55 PM,2024,7,18,14,55.00,0.621527778,2009.6,1944.7,1977.1
7/18/2024 2:56 PM,2024,7,18,14,56.00,0.622222222,2006.0,1939.8,1972.9
7/18/2024 2:57 PM,2024,7,18,14,57.00,0.622916667,1996.2,1935.1,1965.6
7/18/2024 2:58 PM,2024,7,18,14,58.00,0.623611111,1998.9,1931.0,1965.0
7/18/2024 2:59 PM,2024,7,18,14,59.00,0.624305556,1991.8,1733.8,1862.8
7/18/2024 3:00 PM,2024,7,18,15,0.00,0.625,1772.1,1814.7,1793.4
7/18/2024 3:01 PM,2024,7,18,15,1.00,0.625694444,1782.1,1918.4,1850.3
7/18/2024 3:02 PM,2024,7,18,15,2.00,0.626388889,1980.1,1912.9,1946.5
7/18/2024 3:03 PM,2024,7,18,15,3.00,0.627083333,1975.7,1908.3,1942.0
7/18/2024 3:04 PM,2024,7,18,15,4.00,0.627777778,1969.1,1902.2,1935.6
7/18/2024 3:05 PM,2024,7,18,15,5.00,0.628472222,1970.5,1902.8,1936.7
7/18/2024 3:06 PM,2024,7,18,15,6.00,0.629166667,1963.6,1894.6,1929.1
7/18/2024 3:07 PM,2024,7,18,15,7.00,0.629861111,1962.4,1890.9,1926.7
7/18/2024 3:08 PM,2024,7,18,15,8.00,0.630555556,1954.8,1885.1,1920.0
7/18/2024 3:09 PM,2024,7,18,15,9.00,0.63125,1950.0,1882.4,1916.2
7/18/2024 3:10 PM,2024,7,18,15,10.00,0.631944444,1945.9,1876.5,1911.2
7/18/2024 3:11 PM,2024,7,18,15,11.00,0.632638889,1943.0,1871.1,1907.0
7/18/2024 3:12 PM,2024,7,18,15,12.00,0.633333333,1937.5,1866.0,1901.8
7/18/2024 3:13 PM,2024,7,18,15,13.00,0.634027778,1934.3,1862.4,1898.4
7/18/2024 3:14 PM,2024,7,18,15,14.00,0.634722222,1927.7,1857.4,1892.5
7/18/2024 3:15 PM,2024,7,18,15,15.00,0.635416667,1923.5,1853.1,1888.3
7/18/2024 3:16 PM,2024,7,18,15,16.00,0.636111111,1918.7,1848.9,1883.8
7/18/2024 3:17 PM,2024,7,18,15,17.00,0.636805556,1910.4,1843.1,1876.8
7/18/2024 3:18 PM,2024,7,18,15,18.00,0.6375,1909.5,1839.6,1874.5
7/18/2024 3:19 PM,2024,7,18,15,19.00,0.638194444,1903.0,1834.8,1868.9
7/18/2024 3:20 PM,2024,7,18,15,20.00,0.638888889,1897.1,1831.6,1864.3
7/18/2024 3:21 PM,2024,7,18,15,21.00,0.639583333,1897.6,1822.9,1860.3
7/18/2024 3:22 PM,2024,7,18,15,22.00,0.640277778,1888.9,1816.7,1852.8
7/18/2024 3:23 PM,2024,7,18,15,23.00,0.640972222,1883.5,1812.1,1847.8
7/18/2024 3:24 PM,2024,7,18,15,24.00,0.641666667,1879.4,1810.6,1845.0
7/18/2024 3:25 PM,2024,7,18,15,25.00,0.642361111,1874.1,1803.5,1838.8
7/18/2024 3:26 PM,2024,7,18,15,26.00,0.643055556,1871.1,1800.1,1835.6
7/18/2024 3:27 PM,2024,7,18,15,27.00,0.64375,1867.2,1795.8,1831.5
7/18/2024 3:28 PM,2024,7,18,15,28.00,0.644444444,1860.0,1790.1,1825.0
7/18/2024 3:29 PM,2024,7,18,15,29.00,0.645138889,1855.9,1784.5,1820.2
7/18/2024 3:30 PM,2024,7,18,15,30.00,0.645833333,1846.5,1777.9,1812.2
7/18/2024 3:31 PM,2024,7,18,15,31.00,0.646527778,1844.3,1772.0,1808.2
7/18/2024 3:32 PM,2024,7,18,15,32.00,0.647222222,1843.5,1772.3,1807.9
7/18/2024 3:33 PM,2024,7,18,15,33.00,0.647916667,1835.6,1762.3,1799.0
7/18/2024 3:34 PM,2024,7,18,15,34.00,0.648611111,1830.9,1756.9,1793.9
7/18/2024 3:35 PM,2024,7,18,15,35.00,0.649305556,1822.0,1748.5,1785.3
7/18/2024 3:36 PM,2024,7,18,15,36.00,0.65,1820.1,1747.6,1783.8
7/18/2024 3:37 PM,2024,7,18,15,37.00,0.650694444,1810.8,1740.4,1775.6
7/18/2024 3:38 PM,2024,7,18,15,38.00,0.651388889,1811.4,1737.7,1774.5
7/18/2024 3:39 PM,2024,7,18,15,39.00,0.652083333,1805.5,1731.2,1768.3
7/18/2024 3:40 PM,2024,7,18,15,40.00,0.652777778,1799.8,1724.8,1762.3
7/18/2024 3:41 PM,2024,7,18,15,41.00,0.653472222,1796.3,1718.9,1757.6
7/18/2024 3:42 PM,2024,7,18,15,42.00,0.654166667,1789.6,1716.5,1753.0
7/18/2024 3:43 PM,2024,7,18,15,43.00,0.654861111,1780.3,1706.3,1743.3
7/18/2024 3:44 PM,2024,7,18,15,44.00,0.655555556,1777.2,1702.9,1740.0
7/18/2024 3:45 PM,2024,7,18,15,45.00,0.65625,1776.4,1700.9,1738.7
7/18/2024 3:46 PM,2024,7,18,15,46.00,0.656944444,1765.8,1693.7,1729.8
7/18/2024 3:47 PM,2024,7,18,15,47.00,0.657638889,1761.9,1688.8,1725.4
7/18/2024 3:48 PM,2024,7,18,15,48.00,0.658333333,1752.8,1678.2,1715.5
7/18/2024 3:49 PM,2024,7,18,15,49.00,0.659027778,1751.2,1677.2,1714.2
7/18/2024 3:50 PM,2024,7,18,15,50.00,0.659722222,1738.5,1662.9,1700.7
7/18/2024 3:51 PM,2024,7,18,15,51.00,0.660416667,1738.2,1663.0,1700.6
7/18/2024 3:52 PM,2024,7,18,15,52.00,0.661111111,1736.1,1658.5,1697.3
7/18/2024 3:53 PM,2024,7,18,15,53.00,0.661805556,1724.9,1651.4,1688.2
7/18/2024 3:54 PM,2024,7,18,15,54.00,0.6625,1716.7,1643.7,1680.2
7/18/2024 3:55 PM,2024,7,18,15,55.00,0.663194444,1713.6,1640.0,1676.8
7/18/2024 3:56 PM,2024,7,18,15,56.00,0.663888889,1705.1,1634.2,1669.6
7/18/2024 3:57 PM,2024,7,18,15,57.00,0.664583333,1703.4,1628.7,1666.0
7/18/2024 3:58 PM,2024,7,18,15,58.00,0.665277778,1695.5,1624.4,1660.0
7/18/2024 3:59 PM,2024,7,18,15,59.00,0.665972222,1694.0,1618.8,1656.4
7/18/2024 4:00 PM,2024,7,18,16,0.00,0.666666667,1685.8,1610.7,1648.3
7/18/2024 4:01 PM,2024,7,18,16,1.00,0.667361111,1682.0,1606.6,1644.3
7/18/2024 4:02 PM,2024,7,18,16,2.00,0.668055556,1673.4,1602.0,1637.7
7/18/2024 4:03 PM,2024,7,18,16,3.00,0.66875,1664.5,1591.2,1627.8
7/18/2024 4:04 PM,2024,7,18,16,4.00,0.669444444,1657.9,1584.7,1621.3
7/18/2024 4:05 PM,2024,7,18,16,5.00,0.670138889,1657.1,1582.9,1620.0
7/18/2024 4:06 PM,2024,7,18,16,6.00,0.670833333,1648.0,1575.4,1611.7
7/18/2024 4:07 PM,2024,7,18,16,7.00,0.671527778,1643.9,1568.6,1606.3
7/18/2024 4:08 PM,2024,7,18,16,8.00,0.672222222,1638.0,1563.2,1600.6
7/18/2024 4:09 PM,2024,7,18,16,9.00,0.672916667,1630.2,1557.7,1593.9
7/18/2024 4:10 PM,2024,7,18,16,10.00,0.673611111,1622.9,1548.1,1585.5
7/18/2024 4:11 PM,2024,7,18,16,11.00,0.674305556,1616.5,1541.8,1579.2
7/18/2024 4:12 PM,2024,7,18,16,12.00,0.675,1609.8,1536.6,1573.2
7/18/2024 4:13 PM,2024,7,18,16,13.00,0.675694444,1605.4,1531.1,1568.3
7/18/2024 4:14 PM,2024,7,18,16,14.00,0.676388889,1599.6,1527.4,1563.5
7/18/2024 4:15 PM,2024,7,18,16,15.00,0.677083333,1594.4,1517.4,1555.9
7/18/2024 4:16 PM,2024,7,18,16,16.00,0.677777778,1586.7,1511.5,1549.1
7/18/2024 4:17 PM,2024,7,18,16,17.00,0.678472222,1580.4,1508.2,1544.3
7/18/2024 4:18 PM,2024,7,18,16,18.00,0.679166667,1576.0,1503.8,1539.9
7/18/2024 4:19 PM,2024,7,18,16,19.00,0.679861111,1571.9,1496.7,1534.3
7/18/2024 4:20 PM,2024,7,18,16,20.00,0.680555556,1563.3,1489.1,1526.2
7/18/2024 4:21 PM,2024,7,18,16,21.00,0.68125,1555.6,1485.0,1520.3
7/18/2024 4:22 PM,2024,7,18,16,22.00,0.681944444,1549.8,1475.7,1512.8
7/18/2024 4:23 PM,2024,7,18,16,23.00,0.682638889,1542.6,1469.6,1506.1
7/18/2024 4:24 PM,2024,7,18,16,24.00,0.683333333,1534.9,1463.0,1499.0
7/18/2024 4:25 PM,2024,7,18,16,25.00,0.684027778,1531.8,1457.3,1494.6
7/18/2024 4:26 PM,2024,7,18,16,26.00,0.684722222,1522.5,1450.6,1486.5
7/18/2024 4:27 PM,2024,7,18,16,27.00,0.685416667,1515.2,1442.4,1478.8
7/18/2024 4:28 PM,2024,7,18,16,28.00,0.686111111,1507.3,1435.5,1471.4
7/18/2024 4:29 PM,2024,7,18,16,29.00,0.686805556,3.3,0.0,1.6
7/18/2024 4:30 PM,2024,7,18,16,30.00,0.6875,0.0,0.0,0.0
7/18/2024 4:31 PM,2024,7,18,16,31.00,0.688194444,0.0,0.0,0.0
7/18/2024 4:32 PM,2024,7,18,16,32.00,0.688888889,0.0,0.0,0.0
7/18/2024 4:33 PM,2024,7,18,16,33.00,0.689583333,0.0,0.0,0.0
7/18/2024 4:34 PM,2024,7,18,16,34.00,0.690277778,0.0,0.0,0.0
7/18/2024 4:35 PM,2024,7,18,16,35.00,0.690972222,0.0,0.0,0.0
7/18/2024 4:36 PM,2024,7,18,16,36.00,0.691666667,0.0,0.0,0.0
7/18/2024 4:37 PM,2024,7,18,16,37.00,0.692361111,0.0,0.0,0.0
7/18/2024 4:38 PM,2024,7,18,16,38.00,0.693055556,0.0,0.0,0.0
7/18/2024 4:39 PM,2024,7,18,16,39.00,0.69375,0.0,0.0,0.0
7/18/2024 4:40 PM,2024,7,18,16,40.00,0.694444444,0.0,0.0,0.0
7/18/2024 4:41 PM,2024,7,18,16,41.00,0.695138889,0.6,1.7,1.2
7/18/2024 4:42 PM,2024,7,18,16,42.00,0.695833333,0.0,0.0,0.0
7/18/2024 4:43 PM,2024,7,18,16,43.00,0.696527778,0.0,0.0,0.0
7/18/2024 4:44 PM,2024,7,18,16,44.00,0.697222222,0.0,0.0,0.0
7/18/2024 4:45 PM,2024,7,18,16,45.00,0.697916667,0.0,0.0,0.0
7/18/2024 4:46 PM,2024,7,18,16,46.00,0.698611111,0.0,0.0,0.0
7/18/2024 4:47 PM,2024,7,18,16,47.00,0.699305556,0.0,0.0,0.0
7/18/2024 4:48 PM,2024,7,18,16,48.00,0.7,0.0,0.0,0.0
7/18/2024 4:49 PM,2024,7,18,16,49.00,0.700694444,0.0,0.0,0.0
7/18/2024 4:50 PM,2024,7,18,16,50.00,0.701388889,0.0,0.0,0.0
7/18/2024 4:51 PM,2024,7,18,16,51.00,0.702083333,10.4,43.1,26.7
7/18/2024 4:52 PM,2024,7,18,16,52.00,0.702777778,0.8,11.9,6.3
7/18/2024 4:53 PM,2024,7,18,16,53.00,0.703472222,0.9,11.7,6.3
7/18/2024 4:54 PM,2024,7,18,16,54.00,0.704166667,0.9,11.8,6.4
